Year,Name,Less than $100,$100 to $149,$150 to $199,$200 to $249,$250 to $299,$300 to $349,$350 to $399,$400 to $449,$450 to $499,$500 to $549,$550 to $599,$600 to $649,$650 to $699,$700 to $749,$750 to $799,$800 to $899,$900 to $999,$1000 to $1249,$1250 to $1499,$1500 to $1999,$2000 to $2499,$2500 to $2999,$3000 to $3499,$3500 or more,state
2015,Mississippi,568,2025,4377,7249,8494,7020,7792,11625,12850,16999,19571,22845,23257,24915,20606,32518,28024,40175,13710,6503,865,988,185,89,28
2015,Missouri,1562,2195,5798,16786,12618,14464,16016,22574,30564,38050,43631,49811,51548,56958,54989,87317,72367,99417,38295,26146,7498,2697,2600,881,29
2015,Montana,615,695,1645,2606,2695,2132,3437,3928,7680,6375,6446,5736,8271,8342,8376,15771,10403,14742,8931,4601,1289,418,220,206,30
2015,Nebraska,1844,1002,1275,4169,4143,3342,5650,8638,11367,12115,15284,16533,18055,15874,15478,28298,19658,29068,13973,7420,2490,1182,819,597,31
2015,Nevada,265,709,1113,2132,1816,3262,2226,3758,5747,9848,16018,18847,21296,22076,26773,52652,54645,102185,57983,47778,8440,3146,780,977,32
2015,New Hampshire,454,624,1063,1473,1501,2656,2120,1368,2935,1921,2203,3376,3655,5372,5433,16119,17702,34177,19746,16001,3132,658,179,610,33
2015,New Jersey,4438,5279,5830,20880,14650,13414,9471,9913,8562,11746,7072,13244,12774,21838,24330,71799,91871,257142,205942,196968,74324,28799,12638,11376,34
2015,New Mexico,1234,1406,2858,4246,2810,3670,4915,5509,9049,11868,17298,14451,14368,12844,12430,23115,19642,38046,16416,10613,1530,305,702,241,35
2015,New York,7166,10928,19334,75748,61802,51727,50293,52649,52813,69286,65259,81350,75132,100619,92609,200690,207601,518411,442533,546433,229092,117541,72060,65347,36
2015,North Carolina,5281,4054,9067,19497,16982,18892,21900,29456,38171,52838,64715,74884,87822,77871,81389,158489,136364,210444,91489,66964,15478,3256,3453,1917,37
2015,North Dakota,642,94,752,1850,1837,2453,2041,3664,5233,6336,6207,6870,7103,7094,8149,11837,9194,13610,8257,5410,2085,861,527,425,38
2015,Ohio,14898,7637,11938,37276,24910,25251,27695,41465,61523,83924,96672,108092,114270,109072,104863,174206,136148,194524,74791,43107,12117,2729,3100,2505,39
2015,Oklahoma,1443,1918,3757,8222,7998,7333,9444,12375,20474,24806,28042,31550,35461,32568,29741,60777,42650,57726,24309,14368,4046,1864,527,360,40
2015,Oregon,1217,1764,4135,8490,5652,5137,5589,9448,11039,12067,16549,19697,25710,28643,37302,68147,65774,113914,60251,53955,14396,4407,2519,1667,41
2015,Pennsylvania,6287,5890,13157,37594,23202,23559,25876,30124,38411,51024,61954,66920,70356,80723,81080,168008,138817,250469,128872,105281,32832,10929,5683,4507,42
2015,Rhode Island,724,1001,1202,7420,4895,4191,3092,2842,3165,2867,3576,3763,5238,5382,7323,15453,21847,34091,16078,12330,2722,795,481,445,44
2015,South Carolina,858,3315,5032,8011,8823,10577,8694,9746,17857,22631,28494,30260,33232,30456,38200,67875,53944,82992,33751,27840,9171,2307,2620,1223,45
2015,South Dakota,567,766,1545,2517,2828,4027,3859,4611,4400,6560,7139,7807,6862,6766,6041,9568,7299,10462,3174,1753,300,493,591,46,46
2015,Tennessee,5435,5661,6150,17954,12953,15258,17611,23627,27284,37068,40310,50065,48945,51760,56475,95087,75254,114226,49629,31219,10756,2837,1708,1934,47
2015,Texas,8663,8052,18176,39827,29466,33452,36113,46718,60633,85106,115506,159599,171174,193878,204575,405493,375138,668527,367498,311213,81060,26816,14456,11822,48
2015,Vermont,125,16,595,2054,1637,1440,1552,1339,1059,988,1745,2409,2458,4129,3710,7809,7042,12631,7679,7142,1377,383,33,0,50
2015,Utah,1087,729,1646,2839,2942,3162,3277,5457,3831,7132,8157,10808,11904,14840,20077,31914,30661,54476,29895,21651,6031,1258,801,653,49
2015,Virginia,4081,3148,6450,15516,11063,10485,9658,11302,15370,18324,22055,26192,32094,32263,36787,79261,82663,169922,144029,175972,70024,30581,14463,7920,51
2015,Washington,2662,3985,5918,16466,9906,9940,11834,11794,12474,16643,20369,29417,34897,32447,41646,84372,90124,178693,143812,151320,47381,15203,7876,5219,53
2015,West Virginia,872,931,2222,5905,4118,4603,5452,9158,7430,13487,13090,12311,13202,13428,10290,16139,12830,16175,5126,4132,875,411,0,7,54
2015,Wisconsin,1404,1645,3752,13568,11904,10962,11247,18113,23004,35630,34883,46949,52385,53304,59092,98853,72999,106341,41069,27344,7764,1622,548,1703,55
2015,Wyoming,115,64,199,679,1134,1203,872,1405,1494,3679,4182,4136,4103,4636,3792,6923,5024,8518,7115,5487,427,149,145,0,56
2015,Puerto Rico,25380,12341,11249,11643,12170,15106,21923,21219,20089,16795,14104,11585,10140,8071,5936,10205,6512,6830,2641,2404,542,63,74,267,72
2015,Alabama,1119,1183,7026,13465,12708,14477,14751,19094,25170,30469,33193,36352,33345,35045,31627,61895,49525,62941,23866,11508,3450,660,1240,1303,01
2015,Alaska,265,131,130,262,681,1272,892,790,957,1383,766,2051,1673,1825,2910,5976,7261,18917,12472,13350,7525,1151,407,70,02
2015,Arizona,1915,1696,3570,6579,6064,6695,7442,14931,17874,28299,35114,40432,46424,47313,48132,101873,92438,181634,104236,69295,16934,5765,3168,1794,04
2015,Arkansas,1047,1472,3435,8301,8496,9476,10248,14222,18977,22945,28777,27710,28235,27901,22986,39827,29228,36953,12842,5297,1357,673,469,426,05
2015,California,8966,9636,14664,39713,64298,45813,36758,50098,49042,65375,71514,87801,102937,126260,144331,369169,411913,980599,885260,1186872,573041,263003,121438,82590,06
2015,Colorado,2594,2570,3090,11771,6278,3827,6440,7382,7694,10997,15884,16939,25057,26099,29516,60414,64189,142587,116160,115197,34901,9451,4011,4792,08
2015,Delaware,549,341,285,1123,1011,1230,665,1104,1971,938,1219,1750,2897,3157,4731,9080,11373,23458,16371,10694,1325,476,0,369,10
2015,District of Columbia,1152,709,1095,4641,2230,1870,1828,1703,2233,1179,1646,2536,1614,2427,2195,7445,9158,23858,18579,34371,20396,9588,6302,5066,11
2015,Connecticut,1476,1433,2626,10640,4935,7717,6102,5353,7052,6137,6257,8826,6356,12709,13193,32226,43970,95213,62506,64154,22376,7634,4961,2763,09
2015,Florida,3166,4898,13553,25641,19440,17761,19618,25963,30279,41204,52133,72811,81780,104243,120875,266657,283884,574505,347049,323370,90330,31144,19153,11648,12
2015,Georgia,1383,3167,8789,17889,17513,16575,17889,22538,25670,38787,42936,59730,67265,72982,76626,156099,150949,265367,134682,90673,20108,5541,2233,2384,13
2015,Idaho,85,385,1367,2250,2671,2386,4304,6235,5968,7863,9867,11425,13377,12866,12493,21022,17613,25044,8786,4464,855,381,450,0,16
2015,Hawaii,548,251,1299,2010,1386,1161,1617,1402,695,1899,1310,2845,2109,2242,2592,7133,8971,26768,24739,35382,23134,15402,11376,5590,15
2015,Illinois,7212,5857,14559,29382,19089,21971,23149,28567,32634,38931,55308,63554,66071,78574,79128,171152,169084,283475,153418,162365,54272,19254,8977,6999,17
2015,Indiana,3569,3055,5327,13732,10363,12679,14935,19121,28480,37986,42743,54873,64071,58358,53876,99587,71942,99665,32371,20440,6116,1107,1211,988,18
2015,Iowa,1119,1365,2538,7264,6437,7210,9395,13867,18729,22370,22663,23818,24729,26119,24606,37051,27772,35145,12517,9385,4269,996,1556,583,19
2015,Kansas,1257,953,2066,7014,5540,7267,6952,12812,14314,18126,18764,20555,21869,24723,21635,42487,33333,50869,20648,14880,3364,719,1071,803,20
2015,Kentucky,3290,2633,6853,15079,12152,11988,13799,18439,25709,29646,38286,41455,41227,37794,29806,55173,43819,54614,21419,13972,4285,1869,415,634,21
2015,Louisiana,1313,1870,4735,11001,12278,10050,13147,16721,18315,21555,26529,30271,34974,34144,35437,63035,54704,80272,38459,25519,6820,1439,1086,454,22
2015,Maine,704,873,1379,5398,5395,3025,3690,4322,4909,4940,5278,6808,9014,9322,9586,17503,14429,20395,10775,5736,1510,464,275,624,23
2015,Maryland,2597,2863,4740,11829,7900,7820,5666,6011,7060,6896,8700,11988,10918,12891,14324,37798,44880,137860,121367,160158,58308,18567,7977,4018,24
2015,Massachusetts,5941,5641,7505,22932,26360,19974,17669,16220,15996,14535,15040,17312,19333,22123,25628,56186,62896,152640,138307,161366,65792,29029,13678,10398,25
2015,Michigan,5805,5807,9047,24738,17286,16339,16755,24260,28126,44517,59101,67758,71589,76127,68539,132116,108012,162424,71117,48247,11938,4973,2995,2131,26
2015,Minnesota,4250,3061,4870,13626,11453,12357,11981,11036,14685,17733,18247,24537,29518,29887,31246,69024,56975,101110,59485,53378,12449,4001,1613,1353,27
2016,Mississippi,436,1458,4747,9009,7628,5342,7897,10665,14294,17265,19354,23276,23371,21434,21038,33851,27951,41227,12091,7817,2491,344,331,120,28
2016,Missouri,1728,2685,5091,14755,14269,11885,14871,23190,30078,37756,48690,47077,53362,50570,52154,86314,72166,111389,43150,25374,5982,2164,1182,255,29
2016,Montana,1166,762,1402,2956,2507,3172,2324,3721,5330,7025,7915,5501,9155,8955,5532,12742,10836,15491,8457,4024,918,388,134,16,30
2016,Nebraska,1461,1048,1555,3973,3709,4424,4313,7984,8568,13257,14729,17915,16913,16058,18041,27138,21927,33676,15627,9376,1856,996,603,462,31
2016,Nevada,1056,382,1305,2518,2532,2535,2501,3779,6856,8699,13826,18435,18957,23542,22853,53245,48143,100233,73642,44103,10977,2432,1673,640,32
2016,New Hampshire,564,49,947,2400,1725,1597,1960,2404,1733,1682,2472,3627,3296,6181,7751,14766,17793,32987,20059,18984,3417,1522,491,258,33
2016,New Jersey,3859,3586,7468,23255,14827,12984,8586,8950,9076,12083,9091,11829,12279,16910,21052,65884,83602,248167,210340,211750,79401,33440,15720,11374,34
2016,New Mexico,1597,1028,2803,3893,3693,4025,3868,6099,6725,10564,12464,12628,15437,15294,12606,24600,21878,35213,19180,10970,1775,590,378,191,35
2016,New York,6276,7381,18429,77562,57835,49612,49944,48420,52098,62278,63287,75610,82784,90822,90698,203440,203037,495210,436326,549035,246747,117310,86563,77085,36
2016,North Carolina,5468,4018,10056,19695,16770,18030,23298,29942,36350,56564,65808,66215,76789,83670,76864,152474,137981,227924,99175,66468,15652,3821,2381,2100,37
2016,North Dakota,771,755,1036,1949,1262,2305,2113,2796,4194,5168,6323,6025,6759,8276,8746,12972,10598,11891,6706,5564,1223,777,59,259,38
2016,Ohio,11362,7990,16221,39849,20431,23306,27328,38003,60206,75772,93373,107016,107594,114212,101398,190609,140591,197777,76603,50045,13680,3357,2979,2816,39
2016,Oklahoma,2171,1550,3515,9084,7135,8242,9726,14320,18846,25585,33028,36490,36340,34514,32411,54095,41046,60207,22742,15956,3396,898,803,537,40
2016,Oregon,664,1031,3817,7797,4542,5717,5329,6920,9548,13056,13699,18885,21977,23276,27524,55068,62190,113167,78947,70220,19669,6098,3122,3569,41
2016,Pennsylvania,6186,5961,11958,32349,27068,23927,24887,31469,36566,50943,53309,64806,76046,80282,79012,159703,149829,252021,135332,108321,33550,13265,6804,4855,42
2016,Rhode Island,1305,1154,956,6658,4030,3969,3610,2577,2799,2702,2144,5028,4411,5768,7969,18791,18679,35770,16834,14648,4214,966,467,404,44
2016,South Carolina,1427,1316,3963,9042,6781,7471,11049,9947,15280,22915,22871,29907,35090,32830,31144,67657,58667,90781,37525,30477,6884,2457,1757,870,45
2016,South Dakota,554,731,1011,3029,1882,3015,4322,4323,6350,6388,6161,6176,6374,5873,7320,12294,9131,8752,4430,2509,652,429,227,36,46
2016,Tennessee,5375,3954,7108,18065,12194,12522,15227,20319,29639,33864,40585,50326,47900,51553,56476,94887,77024,129560,56376,42167,8992,4164,1920,2259,47
2016,Texas,8510,9171,21356,37256,30924,32719,35878,44798,55593,76516,103541,140831,164995,177777,202020,406057,379245,694668,392581,366651,83101,29810,13164,12161,48
2016,Vermont,515,48,348,2028,1070,1606,826,1798,1377,1604,2011,2413,3767,2687,4023,7888,7648,13692,7806,5940,1700,642,242,130,50
2016,Utah,623,452,638,2416,1908,3646,4431,3400,3937,6340,6732,9928,11573,17195,14930,31317,29939,52546,32746,28471,4464,2385,1096,328,49
2016,Virginia,4257,3266,5521,14856,11298,11407,10778,12106,15387,21165,18763,25287,29784,31917,36371,75314,80643,164167,139390,188569,74805,28635,14000,6861,51
2016,Washington,1489,2618,4436,15965,10495,11331,8550,8926,11030,16657,19155,27699,27776,31430,32923,79841,93219,178634,141985,174355,59803,24676,9629,6911,53
2016,West Virginia,1469,609,2453,6075,3459,5925,6033,8921,7571,10022,12225,13286,10670,12922,10608,17402,13063,15778,5801,4189,761,84,434,54,54
2016,Wisconsin,1413,1578,3427,11197,10385,11179,13718,15099,21140,32148,36303,46393,50620,55058,60274,100088,81470,106283,46788,26660,7333,1692,1555,1236,55
2016,Wyoming,85,220,391,754,440,709,1238,1614,1724,3638,2766,3817,3852,4212,3701,7083,5352,9793,6117,5353,967,116,87,0,56
2016,Puerto Rico,15773,10979,12333,11123,9705,15090,18795,19271,15841,20252,14065,11181,10465,9356,6634,11236,6885,8044,3079,2840,539,121,403,64,72
2016,Alabama,1095,2024,6171,10386,12654,12452,11737,18739,27129,26543,28193,33072,33873,40550,30041,62045,41408,69353,27215,17613,3453,661,753,663,01
2016,Alaska,248,66,453,198,244,589,964,1183,768,1246,1458,1145,1377,2078,2467,4736,7729,16067,13825,14362,7173,1714,418,155,02
2016,Arizona,2241,1892,3955,8389,7350,7375,9544,9278,18166,19884,28008,37458,37493,44632,43498,91338,90912,190334,110885,80093,20916,8128,4030,2827,04
2016,Arkansas,1457,1653,3306,10180,6904,7541,9804,15609,18131,22377,26269,29152,30239,28950,27547,42433,27117,36208,11867,6586,1814,619,311,222,05
2016,California,13093,7938,12554,34644,67886,47876,36728,46576,46963,58610,68840,79613,91620,105771,128230,309788,376222,942644,865586,1252782,642460,302057,162518,113711,06
2016,Colorado,2330,1910,3090,8790,5669,6229,6143,8070,8481,10180,12317,13689,21179,20585,23965,53328,56295,141062,115635,140470,40988,9952,4207,2563,08
2016,Delaware,114,407,593,1107,1014,910,1045,1026,1429,1560,1247,1702,2556,2257,5440,10978,12542,24886,14627,12069,2679,446,715,0,10
2016,District of Columbia,2889,991,1533,4733,2614,1690,2226,2536,1342,753,1368,1695,2543,2598,2393,7837,9462,23248,20639,30320,19553,10128,7310,5346,11
2016,Connecticut,1646,2036,2560,9770,7510,6561,5141,5996,5677,5625,6971,7730,7790,13461,14969,33751,42819,106022,70295,67642,18341,7284,4092,3766,09
2016,Florida,3622,5089,14625,24276,20923,21078,20556,20505,24646,36326,50332,64861,74804,85986,106714,247825,274001,586172,384395,358569,103760,36529,14200,14550,12
2016,Georgia,3120,4197,9482,16273,14384,15737,18382,24329,25515,41920,51739,55417,61844,65229,67916,148199,143102,283926,147155,107276,24787,6461,3422,3223,13
2016,Idaho,458,623,2001,3262,2881,3405,3432,5778,6250,8124,9700,11197,13476,10904,9877,23483,18018,24143,13031,5642,1586,729,452,466,16
2016,Hawaii,829,943,1231,3103,919,1482,1040,1522,1075,1620,1777,2147,1880,2512,2795,6686,6928,27646,27415,34669,20941,16595,10908,6798,15
2016,Illinois,8718,6645,12346,27135,22961,23922,23669,29008,33752,38083,46596,60798,61743,75512,83181,168333,162381,278235,169842,176866,60266,20303,11312,5105,17
2016,Indiana,3027,2422,4638,15323,12804,10990,13261,18341,26750,37226,42236,56416,55486,59816,57064,105268,72097,96316,39636,21693,4704,996,1396,1149,18
2016,Iowa,979,1412,2705,6020,5145,6376,9581,12156,14943,18624,24719,23900,23634,25383,26336,42347,27449,36673,17386,10868,2217,1104,1094,603,19
2016,Kansas,1513,1092,2762,5786,4688,5827,9301,10992,13683,16183,20778,21978,22504,22656,26015,40038,33089,54728,23146,16513,3063,761,1253,1836,20
2016,Kentucky,4221,2612,6824,15894,12717,10569,14667,19677,26472,27941,33454,40468,38504,36284,31325,58588,44723,56094,20960,11652,3047,1036,287,52,21
2016,Louisiana,520,3355,5763,11827,12834,11182,13949,11541,16477,18881,24913,31190,33879,37431,37925,67115,55627,87239,35257,27598,6771,1775,855,617,22
2016,Maine,811,814,2148,4457,5220,4365,2944,3389,3990,4210,5442,6792,7287,10929,7332,15438,13804,19469,10905,6805,1651,523,459,126,23
2016,Maryland,2613,3569,5659,12482,6692,7341,7236,6045,7344,6699,9313,11783,10923,12073,13061,32847,40310,130488,135453,166447,61950,19040,8171,4931,24
2016,Massachusetts,3937,4729,8977,25135,27091,18623,16801,16539,14610,16670,15095,17838,18685,22377,25972,58418,61056,141698,126226,175040,73770,31628,17747,9117,25
2016,Michigan,4927,3645,6524,26048,15263,18697,15972,22084,33035,47880,49335,64300,75047,69986,68690,142071,113603,171849,70487,51351,12969,3750,4017,2081,26
2016,Minnesota,4901,2734,4777,16285,10229,10980,9602,13438,13414,16470,16312,21653,22901,28258,31624,64650,63234,95249,63611,57437,14312,4609,2444,1881,27
2017,Mississippi,1030,1995,5681,8755,9088,7900,5670,9947,12646,15215,17561,15955,19657,22518,18388,36970,29744,38543,14363,7014,935,530,156,0,28
2017,Missouri,1551,2172,5360,13687,11660,12692,14745,20116,26791,30550,38327,45704,50225,46659,49927,87596,75969,119066,46683,27916,7209,1827,1922,1491,29
2017,Montana,1306,700,1199,1818,1885,2849,2002,4075,4315,6217,8589,7169,8807,7706,6806,11852,10473,16826,7048,5362,1278,457,871,240,30
2017,Nebraska,1802,944,1710,3844,3775,3956,5183,6025,7470,11502,13574,14232,14968,14853,15703,29767,26516,33675,16344,8881,2569,741,1062,340,31
2017,Nevada,907,463,844,2274,2230,2161,2249,2666,5939,6187,9590,12965,15023,17774,25033,51599,51740,107379,73033,56675,11518,2745,1372,529,32
2017,New Hampshire,125,1113,1488,2126,1856,1786,1381,1701,1151,1862,2606,3053,4337,4786,5562,14628,16834,37216,21895,21521,4588,1671,658,257,33
2017,New Jersey,4426,3687,7873,24522,14122,13123,10377,9096,8741,8080,8164,11864,9144,13600,17535,58905,74247,238355,211616,234340,86869,33793,15865,11097,34
2017,New Mexico,961,1060,1613,4400,3281,3617,3632,5967,6800,9998,12497,14477,13933,13273,13739,23673,20153,36080,20783,10342,2280,928,470,620,35
2017,New York,5600,8020,18055,85064,56882,52342,47744,45736,45393,62324,60941,71445,77620,81390,90360,188402,197299,478264,430708,594509,269734,122948,86030,78938,36
2017,North Carolina,5197,4134,9337,18560,17595,19759,18487,23552,30120,46856,56273,71482,73857,72903,81504,149509,121036,236234,112289,82660,17167,4775,3986,3140,37
2017,North Dakota,614,801,752,1341,1900,2443,1436,2703,3314,4272,6234,9254,7559,6288,7255,14603,8927,13792,7831,4562,1258,728,0,0,38
2017,Ohio,14699,5963,11147,38512,22860,22324,24500,41410,47750,76203,86376,103956,111000,106662,104502,185290,152188,209440,83180,46262,12871,4123,3359,2024,39
2017,Oklahoma,2060,1594,3150,7930,7061,7560,8971,11544,14406,20356,27642,32876,36266,31557,31448,58207,48405,64300,25436,17675,2670,697,964,511,40
2017,Oregon,646,1392,3093,6775,4318,5109,5801,7497,7408,9908,13873,14942,16295,19119,24180,51798,54818,125995,82803,82051,25159,5295,3237,1909,41
2017,Pennsylvania,8196,5043,11055,38412,22751,24755,24578,29145,34994,44612,56249,67540,69949,76406,77872,165494,151714,264493,143860,116059,34558,11872,8094,3578,42
2017,Rhode Island,1503,457,1339,8290,5025,4060,3381,4273,2564,1736,2468,4384,4319,5097,5311,15985,17595,29468,16859,15415,2931,1097,771,497,44
2017,South Carolina,1302,1474,4259,7172,9288,9411,8823,11151,13381,21006,25522,29575,33226,31299,35380,64224,58615,88943,45447,32160,8120,3526,2157,493,45
2017,South Dakota,659,500,868,2797,2121,3137,4010,3337,5092,6523,6696,5982,7661,6846,7588,10586,9626,11874,4642,2348,801,457,199,414,46
2017,Tennessee,5909,1937,7534,17167,11935,13533,14919,17853,25236,33391,40170,48396,49579,46886,49707,90883,82322,140201,63961,47597,12823,3497,1709,1467,47
2017,Texas,8602,6352,16389,36725,28491,30336,32703,43111,47153,65019,89326,116297,145288,165851,192597,388977,381426,722607,417659,391362,105782,31236,14483,8795,48
2017,Vermont,81,319,513,1348,1747,1660,1090,902,981,1638,1323,3199,3548,3952,3529,7570,6672,13025,10014,7106,2246,235,429,325,50
2017,Utah,66,443,1299,3011,2925,3778,3313,3448,4642,4792,7533,9258,12692,14505,15491,31157,26256,57343,36445,32801,6764,1568,1621,792,49
2017,Virginia,3504,3970,5725,15119,11463,11507,8999,12978,14664,18568,21622,23550,24958,30766,32917,68719,75047,154980,137452,186306,74675,28765,15241,8694,51
2017,Washington,2802,1943,5535,15128,9642,9798,8256,9900,11640,13870,18915,18058,23244,28596,30987,67196,72684,183292,148509,210159,74522,28627,12648,7503,53
2017,West Virginia,864,1233,2987,5504,5208,6438,5118,5606,8165,9446,11583,12178,11154,12044,10745,17405,13587,16595,6153,3343,542,0,493,0,54
2017,Wisconsin,1944,1171,3075,13055,12689,10897,12445,14015,19002,27348,33767,47441,49325,49349,61531,98524,83133,115327,50784,33021,6699,3698,1635,1701,55
2017,Wyoming,73,26,436,1112,1851,1120,649,1022,1827,2419,2522,3762,3560,3722,3380,7839,5583,8707,5667,2987,1266,124,26,284,56
2017,Puerto Rico,8972,13163,11544,10486,9131,14850,20399,22785,19344,13622,13565,12739,8856,8226,5654,11033,6320,8322,2173,2298,1119,336,170,138,72
2017,Alabama,1658,2281,6893,13907,12293,11936,10937,15874,21284,27007,34984,32413,36655,34287,31457,59353,45441,70958,30513,18876,3617,1144,870,548,01
2017,Alaska,73,37,92,341,435,736,1160,1363,1033,1275,1115,1963,1691,2336,1658,7460,7004,15428,13031,15650,8216,1739,440,120,02
2017,Arizona,2447,2117,2679,7428,4773,5850,7008,9986,13016,17951,23481,28611,35928,39113,42360,81565,89539,199104,118143,92278,22766,7349,3593,2472,04
2017,Arkansas,700,2625,3180,10291,5355,9637,7898,11659,19086,21853,29026,26828,28571,28173,26455,40616,31032,39230,12706,7049,1546,571,847,527,05
2017,California,9168,8297,13556,32030,68632,38775,38054,41395,40196,54533,54430,69159,78483,93698,102915,269986,312074,873916,825890,1279087,707712,361227,186589,137619,06
2017,Colorado,2282,1066,2434,11746,5397,5488,6152,5879,6572,7308,10152,12711,16151,18785,20665,45071,54695,131555,130008,147715,48533,16357,5864,5403,08
2017,Delaware,213,0,419,1641,1412,1157,584,1900,1047,1064,1505,1084,2542,2291,3606,10094,10408,26258,18023,11839,1659,655,545,40,10
2017,District of Columbia,1989,595,1884,4031,1753,2224,1434,1406,669,1564,831,1649,1612,2919,1625,4628,7903,21898,18720,34081,19273,13011,8340,4511,11
2017,Connecticut,1553,1987,3335,9826,6200,5210,6348,4570,5750,8124,5977,8332,8393,10137,13476,31524,39520,98709,67072,64113,23744,8067,3494,3834,09
2017,Florida,3147,4933,11812,27775,17605,17607,18856,18067,24069,37530,41766,51414,68350,79300,85001,228080,253690,572690,416586,392748,120552,40829,17559,15561,12
2017,Georgia,1812,5065,8930,19038,15123,16723,16004,20304,27582,38175,42901,54975,57295,58111,66495,135179,132634,270631,173624,122705,23619,6806,3972,3890,13
2017,Idaho,509,550,1293,2791,2629,2232,2533,4605,5180,7269,8252,10785,13771,9911,11995,20906,21155,27020,13720,8538,1244,512,177,147,16
2017,Hawaii,397,447,1688,2683,2065,1840,1525,791,1796,1340,1059,1569,1633,1654,2266,6186,7481,25317,21610,37084,22390,14773,13052,6866,15
2017,Illinois,7981,7088,12011,27287,20829,22247,20679,24165,29387,35584,41299,53511,63466,70314,71414,155449,158232,274120,173744,185805,65786,21240,11034,5751,17
2017,Indiana,3129,2892,5450,12174,9529,10995,12010,14788,20674,32138,39222,50927,54629,56722,56355,105533,83603,101952,41335,23176,5321,1528,1851,1438,18
2017,Iowa,1100,892,1753,5574,4345,5551,9115,12045,12357,16750,22484,21357,24042,25052,25742,40332,31232,41949,16300,12495,2843,884,619,631,19
2017,Kansas,1039,762,1851,5609,5109,4452,7114,10193,11540,16843,23005,21026,21415,23954,22493,44663,39043,58371,24359,17396,2943,898,846,929,20
2017,Kentucky,3406,2221,7014,15405,12575,11738,11791,17578,22168,30601,34632,36314,40304,35397,30680,61852,48593,60905,24924,11877,3031,696,943,341,21
2017,Louisiana,988,2456,5248,14451,10151,11117,11005,11618,17681,15747,23943,27555,28527,31823,33144,67678,61678,87945,40252,26900,5757,2018,589,783,22
2017,Maine,741,917,2084,6008,3567,3738,3208,2382,4423,5481,4778,6146,6982,8187,7368,14647,12517,20629,11401,5896,1610,644,108,200,23
2017,Maryland,2141,2543,4959,11868,7232,7496,6524,6214,6073,5083,5869,7762,10379,13902,14894,30785,40924,124422,130978,174395,63175,19714,8155,4218,24
2017,Massachusetts,4768,6282,6178,24233,25686,19252,18950,16648,13882,15873,12476,17711,19446,22413,21249,52221,57272,145539,128736,172675,84338,33885,18678,13297,25
2017,Michigan,4457,3481,7374,25367,15779,17351,15393,20598,26612,38901,49038,57821,66384,71665,67495,137042,110009,175631,76891,54674,16031,6091,3770,2365,26
2017,Minnesota,3673,2210,4347,13420,11146,11730,8981,11799,12267,14129,16289,19710,23278,27283,27798,65583,55937,100736,69624,64599,16965,4539,2384,2125,27
2018,Alabama,1909,2109,4587,13962,13764,10513,11603,16563,20567,23866,26236,32618,30747,30640,32589,58191,57077,81178,33405,18796,4991,1216,589,1047,01
2018,Alaska,263,287,61,204,423,714,913,1131,626,1036,522,1651,1162,1919,1966,6478,9282,15872,11539,13980,7788,1414,284,176,02
2018,Arizona,1169,642,2060,8809,4698,5544,5983,11178,11322,17630,21966,32474,30567,34779,39606,89199,92777,186371,123112,113270,27556,7311,4292,2092,04
2018,Arkansas,798,1640,3910,9841,8161,6960,8865,11818,14800,19441,25486,24572,28876,25464,25147,45288,31914,41154,15354,9314,1954,1042,81,128,05
2018,California,9375,6599,10145,32886,68943,38907,33732,38273,41806,53217,46955,65245,72259,82190,89476,225753,289258,807597,799628,1359809,767418,406688,213567,171462,06
2018,Colorado,3147,1431,3413,10885,7761,6008,5430,4976,6625,9690,10066,13367,13498,15675,13268,39840,51027,130957,132181,165748,64350,17423,5951,3015,08
2018,Delaware,454,379,883,1936,858,2042,285,1008,1469,1896,1355,1397,1165,2284,2959,8325,11465,25283,18730,13648,2602,571,1029,109,10
2018,District of Columbia,1106,1630,1133,3797,2060,1542,1965,1689,906,1190,1169,2349,1536,2386,1853,4474,7490,22730,19615,32650,23650,13423,6733,6297,11
2018,Connecticut,2159,1059,3405,12523,7087,7944,5297,4779,4356,6959,6627,5615,4499,9957,12415,26927,36100,100705,75037,74497,26597,9317,5886,3800,09
2018,Florida,3190,3079,12705,23588,20373,20093,17711,15729,22575,25223,34720,44248,55438,70466,77989,195611,233947,548689,446467,462986,139264,45798,20904,13367,12
2018,Georgia,3567,3927,9005,14968,15021,15793,17714,21534,26544,33306,37211,43696,46190,50322,57816,119704,124921,284146,187041,145063,28108,7085,3850,3569,13
2018,Idaho,879,274,1059,2618,2202,3267,2416,3218,5756,6386,9997,9803,10270,9704,9075,23352,17939,31266,14740,8243,1407,844,880,558,16
2018,Hawaii,756,670,1002,2911,1321,2360,735,1546,878,1522,1698,1312,1748,2652,1994,6934,7917,21114,21153,37506,24336,17199,10776,7394,15
2018,Illinois,6314,6064,11765,27186,20670,20448,21001,24583,27144,33629,44978,51921,64284,60519,69740,153513,157782,291979,177294,195888,70000,28616,12168,9295,17
2018,Indiana,3262,2881,5188,12298,8889,9716,11402,16656,20276,26361,35175,39417,51664,58932,57705,108520,84673,116590,50721,30695,7711,2764,1500,763,18
2018,Iowa,1084,1779,1725,6236,4547,5615,8891,9302,12931,17772,18894,20573,23645,23952,24995,41979,29647,48869,18869,13950,3029,577,759,1280,19
2018,Kansas,788,722,2103,5402,3779,4306,6674,8275,11363,13627,16923,20427,22221,22809,22064,46743,36517,58128,28938,21607,3728,1123,1873,468,20
2018,Kentucky,3301,1780,4980,14225,10202,8875,9511,14192,17388,24452,27978,31283,35372,31125,36996,64166,50350,76582,28177,15936,3286,1135,504,1001,21
2018,Louisiana,1166,3716,4500,10563,10821,10658,9960,11428,14210,13894,19807,27782,28170,31373,33380,73105,61921,92936,44397,26064,9054,1080,614,669,22
2018,Maine,438,461,1114,5667,3988,3875,4421,2897,3186,3547,5421,6007,9015,10301,9497,17230,15227,23565,13594,9328,2993,556,196,438,23
2018,Maryland,2537,3446,4837,12058,8596,8095,6850,6535,4180,6828,6189,9333,6768,7921,11970,27487,38075,121172,125895,190210,65976,20772,7189,4871,24
2018,Massachusetts,4878,5708,5948,19070,29480,21472,18684,14882,13194,15515,14582,15514,14120,18062,21436,43847,51999,133595,121027,191404,104121,48447,24100,16601,25
2018,Michigan,3530,2706,8243,25658,17680,17383,15512,20744,25891,34711,42592,52819,62380,64076,63452,137697,120846,190684,84092,60221,19383,4641,3977,2975,26
2018,Minnesota,3159,2400,4786,13150,12266,9211,9426,9913,14217,15289,16024,18851,21686,21417,29016,58159,60187,104341,76376,71246,17802,6134,3386,2229,27
2018,Wisconsin,1339,1072,3020,11269,11281,12216,9793,12225,15490,22434,36663,41282,44821,50090,54015,100603,84439,123876,62288,35417,8614,2743,706,2086,55
2018,Wyoming,119,478,369,1988,839,1134,1070,1031,1629,2416,3066,3506,4121,3574,4696,7012,6500,9590,3813,3754,1083,676,72,0,56
2018,Puerto Rico,10289,11124,10847,8960,11723,15800,15816,19103,20344,19309,14968,11049,11324,9194,7707,12541,6611,9547,4832,2286,657,775,0,34,72
2018,Mississippi,648,1810,4568,6655,7654,7154,4675,9192,10952,13349,17499,18245,21882,21371,20232,43144,31699,44406,17503,8201,1403,465,302,95,28
2018,Missouri,1263,1842,3448,14452,10775,14946,14844,17812,22616,28239,36905,41731,44777,53241,45585,94619,82978,133740,53879,31783,8124,2348,1085,663,29
2018,Montana,991,433,1218,2360,1768,2378,2530,3650,4317,4967,6402,8668,6812,8171,7385,14563,11536,19571,9081,7937,1879,357,220,218,30
2018,Nebraska,618,474,1882,3963,2806,3460,3704,5664,7108,9751,10531,13103,16684,15793,16979,31216,27129,38700,16708,12477,1842,895,1268,1095,31
2018,Nevada,457,1040,1005,2461,1162,2890,1613,3039,4193,5215,7062,14892,15732,16287,20053,43251,47594,115532,81338,73321,12331,3317,981,1374,32
2018,New Hampshire,216,157,1292,1669,2830,3077,2327,2723,2101,1854,1411,2442,4421,3507,5458,12344,15212,30774,24428,22624,5029,1295,458,494,33
2018,New Jersey,3721,3288,9800,19922,14437,11399,7880,10716,7288,8871,8349,11659,10770,12989,15411,44463,69920,223091,217059,253966,98622,43519,18437,12257,34
2018,New Mexico,350,818,2863,5787,4287,4024,4858,5660,7367,10667,11648,14355,11135,14529,14994,26140,21392,44664,20651,13053,2027,612,115,502,35
2018,New York,4850,9061,17679,77901,59234,53150,43667,45975,46706,49964,56654,68219,69597,85570,80487,187272,186589,467056,422926,618091,309805,151964,99658,87205,36
2018,North Carolina,5007,3232,6266,17043,18821,16550,18212,21533,32342,44359,52833,66953,64546,69216,71307,147501,130841,254514,136624,96882,22215,7137,3537,2779,37
2018,North Dakota,372,183,478,1483,1939,1542,1866,2610,3524,7019,5661,5418,6964,7560,8823,15650,10563,15560,7138,6977,1225,209,343,379,38
2018,Ohio,10410,7351,10841,37158,21040,22784,25495,31947,47809,60860,83779,92761,106037,104436,102934,186007,151682,233475,96440,59667,15287,4487,2125,2586,39
2018,Oklahoma,1575,1684,3049,7436,6763,6859,7454,10632,13936,19986,23938,31076,29446,34731,31307,59491,51086,73243,29247,20161,3930,1042,972,549,40
2018,Oregon,1109,1250,2687,9319,5852,5469,3940,5847,8387,9281,11492,13619,18176,17781,19806,45942,51161,125189,101751,89467,31876,7602,2431,2589,41
2018,Pennsylvania,7591,5930,10086,31316,21158,22376,25599,27209,32184,41410,51687,60978,64315,71338,77689,161059,147728,284733,154237,137912,39492,14739,7207,5308,42
2018,Rhode Island,600,205,1715,9204,3297,3016,1682,1882,3189,3094,1520,2088,4126,4996,7047,12852,14728,33263,20246,14982,3616,1203,436,812,44
2018,South Carolina,1245,2145,4090,7923,8412,6694,8955,11632,11154,17057,23319,21596,32024,25720,33935,57858,55910,99696,54122,39406,8623,3265,1486,2151,45
2018,South Dakota,556,570,1115,1750,1896,2021,2929,4341,4273,6923,5089,7880,6534,7846,6232,12149,8996,12802,3913,2818,658,249,717,190,46
2018,Tennessee,4997,2373,5196,18457,12098,11830,14108,18293,22726,27567,34965,40365,44060,47629,47893,92476,83131,145305,69907,56583,11693,2848,1715,1541,47
2018,Texas,9713,6373,14318,36980,29630,27199,32553,41844,41914,55373,73400,92900,123130,146448,162769,363135,376038,771491,487032,475778,120615,35515,18325,10906,48
2018,Vermont,146,0,56,1710,1322,1835,1670,1308,973,1015,1108,1823,2431,3700,3487,7048,6653,13258,7778,8637,1885,336,102,123,50
2018,Utah,318,437,846,3837,2255,2481,2105,3612,4224,4160,5202,9367,8894,12232,14374,29206,27518,60919,40726,38181,7435,1630,1827,1237,49
2018,Virginia,3643,3523,6089,11572,10560,11075,8889,10118,12970,14447,18207,23446,26912,24849,31299,67722,81917,170507,142345,201296,87326,34898,15301,9142,51
2018,Washington,2229,1360,5107,12852,7820,7919,9628,6834,10723,13253,14619,18938,22785,23506,27501,60528,63649,166210,158101,233050,98934,38759,17706,12218,53
2018,West Virginia,851,622,2302,5302,3912,3850,5361,6056,7677,7716,9217,10886,11478,13620,13260,19733,14873,20341,5432,4830,1510,330,74,34,54
2019,Illinois,8216,5141,13178,29986,22544,22483,21087,23296,28378,32449,41667,48811,53836,64797,67174,137804,149112,293246,185895,199826,78563,33629,16637,8590,17
2019,Georgia,1980,3820,6402,17147,13725,15799,15634,16716,23508,28739,39324,39859,42464,47355,54476,112647,120809,277620,194548,184058,36113,8203,5390,3765,13
2019,Idaho,788,460,908,2216,1724,2986,3228,4990,3849,5772,5630,7024,10502,10140,10955,21099,16820,29910,18087,14581,2517,504,919,329,16
2019,Hawaii,407,259,2223,3387,1393,1168,1092,985,1394,2395,715,931,2038,2042,1988,5406,5462,21161,23106,34066,26183,18529,12291,7000,15
2019,Indiana,3128,2491,4713,12926,10128,11305,10792,14217,17291,23317,31824,39610,46099,54435,52815,107474,90045,128428,50808,33043,7173,1279,2252,1290,18
2019,Iowa,1870,604,1832,5791,4464,5073,8379,10711,14778,19064,15279,23098,19464,21272,22901,48009,34994,56170,19993,15519,4256,1638,1077,691,19
2019,Kansas,1277,660,1587,5063,5272,5044,5769,8309,10934,13546,14959,17715,20764,19184,23488,43987,36717,66031,29910,21342,6777,1199,879,1475,20
2019,Kentucky,2713,2366,4986,13776,10149,10640,10998,12361,18918,24686,28896,30632,36468,38980,34552,59901,53210,77486,28428,17946,3509,704,1677,319,21
2019,Louisiana,972,1674,4991,10322,12619,10594,9449,10043,11394,14907,16407,22500,25720,26912,31122,73304,61174,87452,42435,31469,7303,1913,234,741,22
2019,Maine,447,606,685,5483,3806,3796,2835,3983,3410,4140,5301,6227,6238,7283,6936,17520,13238,24563,14825,11998,2139,789,63,489,23
2019,Maryland,2336,2559,5902,9053,7418,6840,5462,7040,5233,6615,5585,9430,9117,8441,10250,26637,34991,116448,129305,194292,73655,23523,9855,4888,24
2019,Massachusetts,2857,5237,6844,18257,30299,20870,17873,16489,13335,11412,12708,13174,12931,18700,16833,40643,48743,123468,121706,196610,115297,55512,29035,19747,25
2019,Michigan,5673,2156,6500,22129,15801,19236,15539,17772,19551,30839,35515,47709,56855,57525,69245,129725,117437,209037,93630,70136,15993,5735,3919,3524,26
2019,Minnesota,2756,2133,3257,11550,11983,9220,8976,10841,10649,11685,14357,17479,18747,20457,22199,54570,61734,116013,77601,80155,20160,7271,3950,1864,27
2019,Connecticut,1920,1966,4536,8563,6004,7262,7131,6816,3958,6930,5221,7589,6120,8377,12308,27832,38703,100048,68333,84436,29417,10451,5415,5000,09
2019,Florida,2594,2845,9914,28478,18051,17526,14855,18638,18774,30284,32354,39997,49496,58732,63252,163631,202693,535922,473369,523816,163746,57234,22094,14650,12
2019,Alabama,904,1640,4142,12533,10990,10573,14086,14918,18770,21760,26238,28154,31849,37084,26725,66936,57140,85778,33162,19989,4233,1712,329,1040,01
2019,Alaska,598,68,286,602,338,625,885,1327,1046,866,1514,1206,818,1562,2334,8176,6071,15529,10793,15630,8467,2310,341,185,02
2019,Arizona,958,1780,4295,8883,7549,8120,6688,7883,9448,12450,18292,24228,31715,31777,34004,76747,78168,194148,145605,135539,27565,6917,5874,4336,04
2019,Arkansas,1524,1402,2841,9535,7222,7291,8943,11094,14236,21316,19110,25746,27702,28936,27749,46367,29432,44429,15386,9959,1996,1132,940,367,05
2019,California,8841,9856,10284,25581,76093,43902,31143,37423,39136,46069,47922,57816,61189,66341,82079,200107,241144,704349,775413,1394796,860590,466360,268700,209674,06
2019,Colorado,1933,1083,2021,9015,6615,5866,4561,6176,4533,6372,8311,8930,12754,13158,11792,34303,38673,129680,135041,193156,74276,21446,6953,3568,08
2019,Delaware,108,51,164,2539,1711,1237,1464,546,1245,801,1126,1887,1307,4276,2298,8983,10934,29056,20986,13791,2866,648,106,113,10
2019,District of Columbia,526,1800,1356,4945,1360,1927,2480,1562,1296,1549,1075,1314,1371,2263,2999,5540,5050,17962,19637,38659,23753,14973,8278,6249,11
2019,Mississippi,568,966,4472,8908,7646,10390,7185,8729,10154,13469,14588,18885,17307,20517,21061,35944,35584,48567,14317,8961,1574,526,266,0,28
2019,Missouri,1001,2209,4100,14722,12605,12013,11354,13151,19053,28809,32642,44753,48148,50959,50351,98212,75343,130370,58753,34473,8865,3048,2557,1224,29
2019,Montana,576,186,1104,2483,1706,1977,2444,3833,3736,6112,4850,6756,8051,7985,7751,13138,11414,20244,11128,7866,1943,213,613,1147,30
2019,Nebraska,1215,916,828,3578,3096,3210,3837,4491,6338,8685,10220,12334,13993,15999,14283,33649,28679,41036,19161,14810,2700,376,1587,800,31
2019,Nevada,204,821,882,2655,1813,2117,2357,3434,2620,4834,5320,8065,12015,15683,16575,36848,50440,110254,90223,86733,20570,4098,1385,1481,32
2019,New Hampshire,488,391,1178,2989,1547,1775,1161,2348,1355,2133,2226,2360,3129,3421,4223,12687,14591,29483,27031,27143,6803,1214,648,262,33
2019,New Jersey,3184,3416,5733,21332,17013,12052,9418,11121,8050,10698,7341,11625,10537,12706,15059,44011,60919,207279,225581,274871,107953,47576,24682,19020,34
2019,New Mexico,1202,903,2132,5320,4245,4570,3261,4581,5621,9250,10472,12028,13274,13901,12354,26283,21910,36055,23501,15205,3150,882,505,387,35
2019,New York,4710,10406,18684,69770,71247,45363,43826,45636,42456,57494,50851,70267,70687,74300,78797,176019,192401,451953,408289,648853,332057,169278,108660,99888,36
2019,North Carolina,4069,4358,9233,18109,17777,19399,17543,24923,25489,36511,45043,59506,60586,64612,69337,137131,138722,257833,152538,113414,23778,7355,3420,3554,37
2019,North Dakota,491,1281,550,2186,2488,799,1458,3372,4163,4120,5250,7249,8580,7952,8512,14685,10105,17253,9622,6815,480,226,265,55,38
2019,Ohio,9684,5292,9383,37480,19139,23482,23676,30702,39661,58080,78056,93653,96852,103195,108126,196698,152793,239424,103978,64944,17211,5069,3268,4100,39
2019,Oklahoma,2219,1425,3262,7536,7796,7192,7717,9539,13052,18674,24284,30932,31928,29186,33745,57352,48820,76054,34780,19961,4986,1369,749,415,40
2019,Oregon,1066,993,3816,7464,5792,4331,3802,5271,5141,6849,11285,10519,16496,15837,16003,40865,45694,124063,105484,107827,33323,8791,2533,2701,41
2019,Pennsylvania,6809,6357,10125,33604,22709,25296,21915,25500,29150,40466,47375,56204,64035,74357,75251,152231,147928,293545,172778,152834,45808,16132,8279,5593,42
2019,Rhode Island,555,747,292,7086,3906,4659,1606,1639,3639,2142,1170,1549,2877,3234,4278,13234,15750,32651,18135,20190,6601,1095,490,368,44
2019,South Carolina,751,2347,2887,7445,4839,7690,8017,11151,9640,12868,19137,21840,24003,27852,31505,61844,57237,107554,52788,45078,10244,3628,1818,696,45
2019,South Dakota,1632,405,854,2044,1964,2344,2283,3123,3660,6582,4595,5602,7468,7403,6115,11803,9873,15293,5744,3991,1142,285,35,211,46
2019,Tennessee,3271,3131,5930,15679,12583,10180,12433,16055,16356,25500,29153,37764,40434,46568,46467,86925,89115,154600,84106,62631,17714,4860,1927,1174,47
2019,Texas,5433,6547,13927,37226,29469,33663,29738,31525,41491,49294,62803,74839,105159,119319,153257,348770,376634,813764,529248,543904,144733,45425,20517,13333,48
2019,Vermont,97,125,153,2123,1663,827,1186,1513,482,1035,1737,1989,2911,3137,2795,8456,7447,12705,11027,7587,2067,652,141,585,50
2019,Utah,431,344,626,2547,1961,2000,2783,2459,4155,4776,4276,7039,7382,9823,12394,27117,28907,64954,46895,44317,9815,2473,991,675,49
2019,Virginia,2783,2447,3915,13432,10657,8826,9665,10228,14476,18470,18156,23958,23184,28020,27327,66162,66953,162543,142595,216537,95723,34429,16732,10176,51
2019,Washington,2617,939,7198,16305,9769,9385,6333,6535,8210,10370,12119,16921,19982,22011,23305,54273,67391,160142,155877,246063,110099,43036,22512,12216,53
2019,West Virginia,2299,337,1678,6936,3190,3630,3308,4816,7120,9032,10303,11107,9432,12274,9378,20110,14694,19597,5879,3561,782,184,0,142,54
2019,Wisconsin,1277,1374,2325,8447,11769,11083,10734,12228,13900,21187,27304,35901,42955,48421,55093,109533,84522,133631,65519,39800,9726,3211,1517,2244,55
2019,Wyoming,41,17,147,1301,757,861,1608,1567,1302,2791,3425,2563,3775,3069,4998,6579,5164,8826,4113,5021,1265,76,0,91,56
2019,Puerto Rico,12614,11370,8154,9361,12305,12619,17569,16960,18892,17337,15651,12983,9401,9835,6452,10418,7695,8209,4264,1745,1361,504,336,242,72
2020,Pennsylvania,6427,4875,8570,31281,21927,23503,21169,26520,27829,38629,46331,55425,60403,68905,72763,150815,143208,286677,170781,151425,46505,16894,7822,7691,42
2020,California,9376,7595,10155,22394,67290,40555,32657,32936,40348,43461,46458,56747,61171,75499,81893,204642,256967,757719,759311,1349250,820826,434206,239869,226691,06
2020,West Virginia,1232,721,1742,4968,3897,4195,4736,5350,6895,9247,8235,12141,10266,11496,9814,20401,14170,18878,7201,4812,1219,225,235,78,54
2020,Utah,277,323,670,2714,2081,2605,3227,2931,3365,4421,5042,7254,8115,9782,12699,26563,27569,61130,44872,43098,9908,2406,1364,1097,49
2020,New York,5585,7620,14953,58323,69795,46480,44399,42157,43135,50338,51183,65064,63626,76661,79907,177535,183087,454456,415276,634290,322392,154225,100918,124234,36
2020,District of Columbia,1377,1004,1469,3534,1976,1779,2367,1586,1182,1293,1082,1449,1303,1539,2364,4695,5946,18637,18890,34146,23548,13832,8945,7625,11
2020,Alaska,256,105,102,366,389,600,965,1416,818,1073,1062,1327,1391,1921,1809,5757,6359,16065,12971,15564,9071,2004,665,261,02
2020,Florida,2576,3135,9967,25256,16664,17456,15645,17467,19292,26194,32438,41843,48735,61985,68147,174797,216151,558164,449218,503829,159888,55337,23098,21330,12
2020,South Carolina,910,1721,2899,6751,7149,7018,7836,9852,10790,15297,20112,21663,25589,28140,29461,60747,56257,105637,53598,42959,10772,3548,1825,1946,45
2020,North Dakota,496,499,654,1350,1758,1569,1761,2506,3282,4793,5444,6604,7202,7570,7114,14860,11097,16862,8467,7200,1226,459,296,345,38
2020,Maine,506,564,1193,4396,3899,3792,2992,3178,3268,4248,4488,5268,6509,7506,7896,16098,12547,24830,14675,11112,2293,733,305,570,23
2020,Georgia,2264,3112,6679,15355,14040,15602,14479,17091,20997,28840,37159,42316,46565,49899,52747,113413,124195,283268,194123,167065,37402,8986,4704,4537,13
2020,Alabama,1114,1829,3975,10921,10181,11076,11611,13036,18445,22671,24886,29864,30932,32884,30454,60577,52879,85487,37031,23234,4543,1387,777,1203,01
2020,New Hampshire,301,401,957,2291,2034,1838,1477,1960,1544,1887,1603,2446,2729,4102,4403,11399,13226,34587,24849,25421,6367,2238,664,478,33
2020,Oregon,747,1147,2413,7134,4797,4565,4926,5510,6607,7556,9534,13011,15077,16701,17906,43301,47691,122156,99120,105866,33945,9415,3303,3980,41
2020,Wyoming,114,173,492,1138,832,864,1008,1187,1562,2460,2529,3498,3346,3502,4234,7072,5198,10492,4821,5237,1147,333,51,127,56
2020,Arizona,1515,1573,2698,7045,5262,6407,6966,8758,9300,15028,18084,24327,28802,32226,35654,73408,82879,194483,136818,129585,31401,9223,4872,4530,04
2020,Louisiana,836,2337,3814,10133,10457,9595,9531,11230,11806,14626,17862,22900,25023,28212,32258,66079,60601,94066,45916,32456,8584,1528,673,1641,22
2020,Indiana,2980,2597,4244,12528,10646,9807,10402,13715,17725,23817,31872,39408,44985,49766,54473,105930,89805,127306,51961,33483,7557,1927,1849,1852,18
2020,Idaho,449,400,1085,2393,2580,2357,2644,3395,4613,5760,6553,8262,9838,10905,9642,20694,19585,31656,17829,12958,2435,676,614,432,16
2020,Connecticut,1665,1328,2313,8779,7138,6244,5667,5712,4383,6439,5298,6881,6554,8334,9807,26032,33875,98292,74999,80751,28467,10801,4971,6448,09
2020,Hawaii,561,492,994,2888,1346,1422,1026,1184,1022,1584,870,1435,1314,1904,1957,5698,5870,21659,23203,35999,24055,16453,12652,8950,15
2020,Illinois,7020,5555,9840,24385,20571,21241,18997,23622,27452,32373,35561,48026,52152,60220,66644,139558,151774,293617,185492,214021,82989,30670,14667,11668,17
2020,Massachusetts,3808,5051,5282,16060,30742,18612,15519,16562,12604,14061,12211,14573,14192,16506,19774,44469,49133,129465,117421,193386,109571,50966,26569,21696,25
2020,Texas,8052,5705,12484,33490,27238,28636,28193,35255,40179,49863,65758,86029,107754,133159,148716,351556,359219,787816,510149,512901,148376,42614,18188,16652,48
2020,Montana,777,480,910,2359,1592,2385,2409,3275,3931,5213,5689,6997,6661,7467,7984,13535,11339,20456,11227,7843,1903,463,294,697,30
2020,Nebraska,1091,606,1005,3367,3142,3600,3469,5333,6605,8650,10516,12686,13388,15662,15202,31269,26885,42122,20464,13759,2567,781,1007,1104,31
2020,Ohio,10614,5819,10718,33580,21523,20746,21764,29383,39542,54446,75122,87647,91805,100097,102769,189806,160725,245942,107441,68204,17494,5219,3091,4071,39
2020,Colorado,1909,1272,1863,8600,6163,5811,4772,5804,5012,7301,6951,10260,11348,14835,14748,37412,42228,121595,120686,173263,62977,20498,6166,6113,08
2020,New Jersey,3536,3360,5544,21192,14069,12108,9669,9260,8059,8676,8450,9847,10477,11537,14565,43574,60051,214964,216294,266946,105223,44347,20899,18966,34
2020,Maryland,2006,2178,4531,10165,6990,8014,6089,6045,4829,6018,5793,7921,7887,9880,11772,25934,33995,111404,125201,192149,76454,25777,10150,7240,24
2020,Virginia,3472,2516,4548,12238,9441,9536,8860,9667,11400,15308,17291,20577,23204,28040,27890,63514,65877,165300,137100,209112,92383,37000,17823,13401,51
2020,Vermont,127,141,262,1554,1521,1180,1298,1151,753,1245,1327,1889,2237,3399,3237,7346,6906,13527,9719,8593,2342,658,261,403,50
2020,North Carolina,4484,3093,6645,16686,16754,16748,16467,22408,25885,35886,47793,58055,62989,66821,66365,135753,132464,256780,148093,111095,24801,7033,3788,3452,37
2020,Arkansas,1146,1331,2775,8747,7166,7110,8209,9428,12661,19243,21014,24049,24937,28725,25688,47873,34406,46336,17734,10178,3054,934,584,391,05
2020,Washington,2004,1633,4960,13450,8741,9879,7695,6976,8218,10914,13283,16743,18618,23145,25251,55297,65720,167843,151598,233368,108328,38255,19829,14648,53
2020,Kansas,1054,690,1453,4735,4369,4604,5824,8712,10127,13275,17214,19216,19942,20841,22559,44262,38071,64990,30230,23026,5521,1421,1188,1385,20
2020,Oklahoma,1820,1568,2918,6719,7086,7281,7456,9588,12497,18404,22195,28807,30660,32882,31960,58890,47614,76568,31288,20963,4225,1199,874,846,40
2020,Wisconsin,1230,1023,2724,7575,11620,10345,10659,12868,13577,20854,28289,36193,43483,47188,51985,105647,86202,134463,64643,42480,9723,3263,1605,2733,55
2020,Mississippi,564,1371,3592,7776,8167,7722,6408,8033,9471,13224,14863,18281,18329,19449,20472,36563,32338,49003,17636,10293,1815,572,182,170,28
2020,Missouri,1318,1801,4177,12352,11301,12940,12336,15025,20655,27165,34039,41061,43294,49397,49635,93992,79572,131716,59937,36758,9155,2789,1601,2056,29
2020,Michigan,4606,2756,5183,23323,16005,16420,14767,18319,20198,29611,37138,46066,55412,59651,63493,130836,119969,205442,94442,70405,18995,6245,4033,4363,26
2020,Rhode Island,823,688,818,6386,4222,3590,2980,2415,2742,2700,1697,2797,3138,3828,4972,12410,16306,32836,20330,19382,5028,1567,976,614,44
2020,Minnesota,3232,2424,3476,9797,12658,9986,10106,9916,11219,12253,14521,16122,18102,21119,23536,56161,58228,109840,75735,80817,21470,6602,3529,3250,27
2020,Iowa,1029,1012,1526,5917,4245,5310,7437,10131,12231,16250,16905,20572,20962,23173,22867,44424,35209,51618,20416,15488,4233,1133,1191,1335,19
2020,New Mexico,862,799,1764,4667,3602,3542,3423,5378,5990,8385,9894,12564,12745,13995,13143,24742,21346,39622,23466,15325,3165,658,321,438,35
2020,Nevada,660,328,829,2238,1951,2142,2534,3476,3383,4891,5974,9953,11895,14577,17840,40090,44551,107218,86172,84450,19007,4067,1687,1497,32
2020,Delaware,236,155,413,1797,1091,1136,806,1242,904,1094,1281,1312,1609,2391,2734,7508,8745,27201,19465,15552,3180,834,503,316,10
2020,Puerto Rico,10948,11166,10584,9867,10615,13345,17612,19490,19290,17626,15795,12854,10306,9411,7765,12217,7931,10068,3593,2926,1066,425,228,241,72
2020,Kentucky,3063,1910,5210,13439,10525,9392,10476,12889,17759,23271,27313,31801,33537,34337,33634,63262,51709,76587,30950,17589,3636,1034,766,784,21
2020,South Dakota,701,484,888,1940,1984,2372,2984,3174,4511,5438,5650,6142,6522,7497,6005,12228,10153,14058,5282,3465,812,332,386,225,46
2020,Tennessee,4715,2671,4931,15134,11578,11125,12270,14710,19196,25882,30822,37486,41771,43188,44270,91269,81910,148377,82228,67185,16571,4497,2142,2698,47
