Year,Name,Population,Population in households,Pop. below poverty level,Pop. at or Above poverty level,Pop. in Labor Force,Pop. not in Labor Force,Bachelor or higher Pop. in labor force,Bachelor or higher Pop. not labor force,Total Population 25 years and over - Educ. attainment,Population 25 years and over - No schooling completed,Population 25 years and over - Bachelor's degree,Population 25 years and over - Master's degree,Population 25 years and over - Doctorate degree,Median household Earnings($),Median Earnings - Educational attainment,Median Earnings - Bachelor,Median Earnings - Master or Above,Total housing units,Total Occupied housing units,Total Renter occupied - Tenure,Total vacant housing units,Total vacant housing units for seasonal,Total vacant housing units for rent,"Vacant housing units rented, not occupied",Total Renter occupied - by income,Total housing units - Educational attainment,Total Renter-occupied units- Educational attainment,Renter-occupied units - Less than high school graduate,Renter-occupied units - High school graduate,Renter-occupied units - Some college degree,Renter-occupied units - Bachelor's degree or higher,Median gross rent,state
2015,Mississippi,2992333,1104371,637128,2259451,1335130,1010583,268930,51124,1952337,28332,253036,111893,111893,40593,31090,39960,51111,1300932,1104371,360168,196561,43652,35653,5374,360168,1104371,360168,62961,108300,134123,54784,724,28
2015,Missouri,6083672,2374180,875495,5026472,3062893,1788868,813903,120914,4097212,35703,706922,320428,320428,50238,35129,45607,57209,2746644,2374180,804043,372464,102162,55994,10239,804043,2374180,804043,107178,233114,293240,170511,763,29
2015,Montana,1032949,414804,147287,860440,516733,313178,141994,22323,706329,3347,144135,50044,50044,49509,31848,39292,52284,494222,414804,138314,79418,43282,7990,594,138314,414804,138314,11971,43801,47583,34959,763,30
2015,Nebraska,1896190,744159,231321,1611361,1025079,451408,275822,33030,1232583,12252,244556,90029,90029,54996,36403,46833,60470,820925,744159,253765,76766,15605,15328,2279,253765,744159,253765,27350,68810,98942,58663,750,31
2015,Nevada,2890845,1042065,418243,2432229,1455305,837394,297028,61537,1968167,32904,304948,112195,112195,52431,33755,45977,62155,1209864,1042065,479105,167799,48649,45189,9187,479105,1042065,479105,72390,131283,182776,92656,980,32
2015,New Hampshire,1330608,517615,106046,1182014,746877,355212,233796,32486,937214,4562,205513,97780,97780,70303,42178,51426,67491,622604,517615,150876,104989,70484,5322,2269,150876,517615,150876,15290,43872,52240,39474,1017,33
2015,New Jersey,8958013,3187963,946114,7835461,4693629,2500292,1676982,263683,6166384,85601,1437307,638113,638113,72222,45704,60935,83032,3593722,3187963,1178929,405759,132033,71295,11441,1178929,3187963,1178929,178999,354844,303744,341342,1214,34
2015,New Mexico,2085109,761797,417834,1626597,959937,682550,219111,46365,1377548,17950,198116,115927,115927,45382,31109,42423,57560,914979,761797,247954,153182,48814,24361,6016,247954,761797,247954,40328,60380,91507,55739,783,35
2015,New York,19795791,7233694,2970032,16313744,10151319,5915189,3475663,503681,13641473,254262,2727078,1474536,1474536,60850,40996,55360,71684,8207161,7233694,3394792,973467,345445,158523,43347,3394792,7233694,3394792,604129,844820,845166,1100677,1173,36
2015,North Carolina,10042802,3843745,1607835,8182238,4961798,3049590,1382227,239793,6762644,86814,1277412,511174,511174,47830,33096,46171,59243,4491090,3843745,1388604,647345,216487,106471,21230,1388604,3843745,1388604,221811,343735,496508,326550,827,37
2015,North Dakota,756928,313475,80170,651184,422055,180959,109445,12665,492017,3246,105625,24169,24169,60557,40741,45787,65049,362889,313475,120133,49414,15509,9916,3767,120133,313475,120133,11071,31718,49875,27469,775,38
2015,Ohio,11613423,4606655,1674415,9620925,5870498,3424757,1522622,220638,7896470,70007,1329009,573041,573041,51075,36014,50191,62324,5156546,4606655,1593562,549891,58512,95286,24660,1593562,4606655,1593562,217784,512531,555691,307556,746,39
2015,Oklahoma,3911338,1465951,610828,3184936,1873166,1180205,424364,75471,2557863,25386,421765,149714,149714,48568,32950,42195,55490,1711515,1465951,508093,245564,38478,43455,8094,508093,1465951,508093,75085,154675,185232,93101,759,40
2015,Oregon,4028977,1553205,607029,3345048,2020961,1247335,595090,113749,2804461,30389,566244,233801,233801,54148,33828,44049,61139,1718509,1553205,604314,165304,64071,23106,8100,604314,1553205,604314,67704,134547,240163,161900,943,41
2015,Pennsylvania,12802503,4956037,1629995,10755721,6521542,3907463,1885179,283249,8895727,83750,1611499,740396,740396,55702,37775,50791,66931,5603051,4956037,1550281,647014,175273,96305,21140,1550281,4956037,1550281,209878,528833,428517,383053,868,42
2015,Rhode Island,1056298,407484,141035,875308,562201,307935,170870,23306,730083,9455,141131,69245,69245,58073,41130,50880,70840,462555,407484,166866,55071,16056,11637,2594,166866,407484,166866,28493,48285,52174,37914,938,44
2015,South Carolina,4896146,1857768,790715,3959429,2364295,1566890,594175,104219,3319832,34312,575843,234180,234180,47238,32063,44151,52733,2210150,1857768,592141,352382,124729,62854,10059,592141,1857768,592141,97310,172422,203232,119177,819,45
2015,South Dakota,858469,339437,114071,715573,457359,213942,108902,14843,563108,3068,110562,30370,30370,53017,34248,41273,51443,380307,339437,107985,40870,13697,5970,1643,107985,339437,107985,13236,34387,38274,22088,675,46
2015,Tennessee,6600299,2530260,1077900,5362481,3217464,2060471,807337,135509,4473487,50805,719980,306012,306012,47275,32406,45600,56896,2892407,2530260,864762,362147,72271,67636,15672,864762,2530260,864762,141168,278399,269329,175866,785,47
2015,Texas,27469114,9421412,4255517,22590686,13533555,7509693,3545727,604404,17472861,342753,3266266,1239900,1239900,55653,36361,51887,70031,10588236,9421412,3668586,1166824,255739,278048,52707,3668586,9421412,3668586,658266,897046,1220706,892568,932,48
2015,Vermont,626042,254865,61314,539345,340945,180671,107113,14726,438654,2730,97824,45406,45406,56990,36529,40348,55525,326874,254865,74653,72009,51770,3222,1441,74653,254865,74653,7040,22066,23446,22101,923,50
2015,Utah,2995919,930980,331854,2616007,1475513,704768,384867,77882,1741949,15842,368302,133071,133071,62912,36431,46255,70017,1038065,930980,289765,107085,47270,14842,3997,289765,930980,289765,32759,68985,117661,70360,925,49
2015,Virginia,8382993,3106895,909346,7221982,4437140,2284450,1533956,218352,5685318,71558,1209217,651715,651715,66262,41361,55799,78049,3468952,3106895,1087026,362057,93498,59935,20967,1087026,3106895,1087026,133778,257663,345213,350372,1144,51
2015,Washington,7170351,2728573,857801,6178924,3658933,2082940,1140724,200008,4889314,57567,1059707,435599,435599,64129,41140,55795,71123,2991584,2728573,1025304,263011,98598,35097,14055,1025304,2728573,1025304,107842,230928,383616,302918,1080,53
2015,West Virginia,1844128,734536,321583,1471513,797526,710698,170514,31436,1300347,12750,152256,74951,74951,42019,31634,41512,52317,885539,734536,203385,151003,43256,15204,4189,203385,734536,203385,32715,74206,63283,33181,675,54
2015,Wisconsin,5771337,2319538,677964,4942259,3094071,1533719,804917,108817,3918997,35859,742544,265265,265265,55638,37222,47383,61217,2656669,2319538,770395,337131,189047,38277,10717,770395,2319538,770395,87358,233769,277431,171837,792,55
2015,Wyoming,586107,228937,63425,508894,312541,148189,68532,10636,388747,776,67108,25746,25746,60214,37811,46092,61476,269469,228937,73362,40532,15991,8233,965,73362,228937,73362,7134,20449,30827,14952,815,56
2015,Puerto Rico,3474182,1221851,1586285,1857326,1266346,1567257,390536,108150,2382526,65233,424255,115599,115599,18626,18128,24171,36913,1573532,1221851,385031,351681,71450,39489,5006,385031,1221851,385031,100935,121703,101627,60766,433,72
2015,Alabama,4858979,1846390,876016,3860317,2207097,1671374,533885,97841,3282252,39040,504626,207767,207767,44765,32468,46740,56164,2218391,1846390,592795,372001,76897,65156,12580,592795,1846390,592795,106545,174628,203584,108038,729,01
2015,Alaska,738432,250185,74532,646233,402913,168480,102918,15107,469523,2834,87869,36260,36260,73355,41968,52885,70590,309453,250185,90263,59268,30578,5624,2071,90263,250185,90263,7256,25961,36499,20547,1163,02
2015,Arizona,6828065,2463008,1159043,5512662,3171567,2221647,782647,162966,4536954,65412,788933,339377,339377,51492,35016,49801,60884,2929173,2463008,938180,466165,216016,79610,14048,938180,2463008,938180,144313,219578,364196,210093,933,04
2015,Arkansas,2978204,1144663,550508,2336829,1354655,997852,288249,55982,1987819,25367,278975,109389,109389,41995,30983,42828,55490,1347598,1144663,398663,202935,47716,37674,6811,398663,1144663,398663,63203,126149,140711,68600,695,05
2015,California,39144818,12896357,5891678,32506379,19586686,11481961,5829476,1023293,26085263,710249,5285754,2116434,2116434,64500,37476,57282,80442,13988399,12896357,5985534,1092042,382944,207884,57492,5985534,12896357,5985534,1148411,1200022,1893017,1744084,1311,06
2015,Colorado,5456574,2074735,613549,4726069,2947718,1386020,1021805,160943,3671853,32931,909032,390965,390965,63909,40229,50196,63270,2309122,2074735,752117,234387,114362,35768,11718,752117,2074735,752117,82233,159916,272185,237783,1111,08
2015,Delaware,945934,352595,114360,805995,478082,287168,139304,20477,652636,7442,117581,60228,60228,61255,40734,52261,65967,421734,352595,102914,69139,38659,7984,1163,102914,352595,102914,14456,27393,35375,25690,1049,10
2015,District of Columbia,672228,281787,110500,527527,393578,170628,217946,19441,472884,4840,112629,97445,97445,75628,57512,64142,84682,309596,281787,169232,27809,3586,9251,2026,169232,281787,169232,19736,33765,30755,84976,1417,11
2015,Connecticut,3590886,1343703,366909,3114023,1949658,973219,674293,96767,2474718,28423,535933,301008,301008,71346,46500,61071,77568,1496056,1343703,454668,152353,28204,33678,8482,454668,1343703,454668,72020,136147,124777,121724,1108,09
2015,Florida,20271272,7463184,3116886,16733168,9722242,6917954,2534827,500955,14394281,214309,2620339,1012174,1012174,49426,31662,42714,57128,9210287,7463184,2703113,1747103,931689,232271,45896,2703113,7463184,2703113,375003,746895,905205,676010,1046,12
2015,Georgia,10214860,3656407,1694988,8248157,5005562,2992986,1434704,239963,6683767,88425,1244449,534649,534649,51244,35014,49696,61443,4182228,3656407,1395241,525821,96360,98155,23929,1395241,3656407,1395241,225030,381047,462321,326843,909,13
2015,Idaho,1654930,597421,245551,1376565,791674,479177,183422,33972,1065982,13845,189566,60161,60161,48275,31173,42661,57829,692482,597421,185463,95061,48401,9845,2761,185463,597421,185463,19795,53519,79010,33139,770,16
2015,Hawaii,1431603,445936,147984,1246137,754691,398193,204860,36123,985914,9968,205033,66761,66761,73486,38609,46167,65094,532413,445936,193501,86477,35197,22779,1819,193501,445936,193501,16577,47648,72673,56603,1500,15
2015,Illinois,12859995,4794523,1703258,10856164,6674925,3565133,2093708,315177,8661938,104838,1757697,803408,803408,59588,40120,52369,70580,5317618,4794523,1664882,523095,50471,111917,24069,1664882,4794523,1664882,233799,429399,535917,465767,936,17
2015,Indiana,6619680,2515143,933181,5484237,3315616,1899776,798094,108398,4363573,33697,697223,286021,286021,50532,35368,46884,60699,2841450,2515143,800263,326307,49986,70470,17053,800263,2515143,800263,120397,262070,272526,145270,758,18
2015,Iowa,3123899,1247249,367414,2654409,1670671,804469,405429,52259,2074504,15482,377035,124708,124708,54736,36469,46518,61206,1369379,1247249,365769,122130,21718,25408,5193,365769,1247249,365769,40701,109664,140651,74753,718,19
2015,Kansas,2911641,1111582,368879,2462064,1506093,764015,428057,61358,1888479,16688,384495,157694,157694,53906,36727,46436,59574,1253889,1111582,373246,142307,16227,31716,4739,373246,1111582,373246,43019,94506,145044,90677,782,20
2015,Kentucky,4425092,1716168,794055,3495967,2075620,1455765,487621,83154,2988790,30726,406865,207579,207579,45215,32495,45058,53986,1957133,1716168,577915,240965,42698,37717,11591,577915,1716168,577915,97349,175418,201687,103461,702,21
2015,Louisiana,4670724,1737908,889946,3651742,2208403,1468278,502281,84602,3095255,37365,470739,170535,170535,45727,35208,46367,57131,2024737,1737908,615614,286829,58724,56489,8303,615614,1737908,615614,105489,195836,205070,109219,800,22
2015,Maine,1329328,545226,172620,1120376,687008,416826,187677,25727,961240,4411,187513,71715,71715,51494,33282,41214,54528,729392,545226,158125,184166,128512,9011,3328,158125,545226,158125,19424,51315,51313,36073,792,23
2015,Maryland,6006401,2177934,570776,5292514,3238521,1576025,1165194,150311,4102486,46682,866352,505272,505272,75847,47312,60745,81087,2434465,2177934,741775,256531,60346,44999,10295,741775,2177934,741775,95392,186296,220353,239734,1278,24
2015,Massachusetts,6794422,2559951,752071,5806653,3744289,1834359,1423526,192903,4706644,65556,1086715,601150,601150,70628,46480,57285,74405,2845805,2559951,979998,285854,129181,35993,17489,979998,2559951,979998,143278,256051,256315,324354,1164,25
2015,Michigan,9922576,3858532,1529645,8168751,4866118,3116214,1287360,215184,6728347,72507,1145546,535769,535769,51084,35543,49839,66580,4550324,3858532,1141315,691792,284815,63475,19139,1141315,3858532,1141315,146204,315647,423069,256395,803,26
2015,Minnesota,5489594,2147262,546431,4820163,3041112,1307926,958192,109867,3700935,43467,847584,305569,305569,63488,40851,51601,67260,2397081,2147262,623989,249819,131454,28707,7407,623989,2147262,623989,70932,160876,224423,167758,888,27
2016,Mississippi,2988726,1091245,602768,2290126,1342058,1007343,284168,50833,1957022,22249,264865,113113,113113,41754,31731,42130,51943,1307492,1091245,357131,216247,46982,34283,5751,357131,1091245,357131,65131,103251,127892,60857,728,28
2016,Missouri,6093000,2372190,826954,5084086,3063755,1801489,824690,126212,4121014,31678,729511,324191,324191,51746,35908,45701,57229,2760226,2372190,804593,388036,97673,59745,13080,804593,2372190,804593,104431,229003,285964,185195,771,29
2016,Montana,1042520,416125,135638,882467,532234,306740,142808,24451,712616,2704,148944,48718,48718,50027,32091,39650,52319,497749,416125,133130,81624,44552,8836,958,133130,416125,133130,10733,41653,47813,32931,741,30
2016,Nebraska,1907116,747562,211453,1639616,1031217,452817,287738,32090,1243820,13963,261931,90070,90070,56927,37002,46260,61459,827191,747562,259223,79629,16696,13725,2860,259223,747562,259223,28203,67096,101030,62894,769,31
2016,Nevada,2940058,1055158,399420,2497468,1480100,859512,302132,57086,2010610,34567,308547,114345,114345,55180,35156,46908,62224,1221759,1055158,476396,166601,51094,42075,10024,476396,1055158,476396,70284,134004,180434,91674,1003,32
2016,New Hampshire,1334795,520643,94289,1197966,749509,358541,237607,33415,947586,5583,213461,101003,101003,70936,41776,51823,67970,625337,520643,155622,104694,73254,6117,1505,155622,520643,155622,15515,44813,49212,46082,1026,33
2016,New Jersey,8944469,3194519,915913,7853574,4702590,2494883,1704782,268562,6171172,76104,1460518,670786,670786,76126,47461,62300,87104,3604688,3194519,1174592,410169,143219,62688,11990,1174592,3194519,1174592,184973,345507,298099,346013,1244,34
2016,New Mexico,2081015,758364,404463,1634986,961252,689708,226700,48372,1391381,18382,215691,116006,116006,46748,31524,42021,56325,917641,758364,247265,159277,51183,27445,3774,247265,758364,247265,35924,59498,95350,56493,804,35
2016,New York,19745289,7209054,2832824,16397374,10125624,5922799,3508868,508948,13653592,268369,2749619,1521940,1521940,62909,41610,56868,73504,8232039,7209054,3367884,1022985,358894,157936,44124,3367884,7209054,3367884,597394,842587,832435,1095468,1194,36
2016,North Carolina,10146788,3882423,1521880,8364153,5032174,3083659,1451120,252621,6877185,80305,1345615,543876,543876,50584,35160,47143,60374,4540697,3882423,1389035,658274,212517,106224,24623,1389035,3882423,1389035,211714,337405,494066,345850,839,37
2016,North Dakota,757953,315134,78464,653295,425792,174334,110814,11983,495015,2025,107578,28550,28550,60656,40683,46865,61079,368545,315134,115926,53411,16251,12584,1690,115926,315134,115926,10605,33245,43529,28547,776,38
2016,Ohio,11614373,4624669,1645382,9642019,5884933,3433172,1545168,229933,7922061,67053,1362205,598321,598321,52334,36819,50830,65773,5164400,4624669,1601860,539731,56863,93590,23557,1601860,4624669,1601860,207645,524141,544175,325899,759,39
2016,Oklahoma,3923561,1469342,620377,3189054,1868680,1194969,441819,74591,2571636,25050,432922,157183,157183,49176,34558,44977,57433,1721072,1469342,515790,251730,41867,46037,7807,515790,1469342,515790,75195,158438,190232,91925,744,40
2016,Oregon,4093465,1571678,536146,3480374,2061002,1266650,609704,116857,2857952,30013,572508,247973,247973,57532,35945,46942,63868,1732887,1571678,602099,161209,63400,19897,6414,602099,1571678,602099,68367,134741,232715,166276,1015,41
2016,Pennsylvania,12784227,4937771,1592045,10776211,6477105,3950299,1960512,281706,8921975,85863,1676971,765331,765331,56907,39615,51199,69691,5611995,4937771,1555257,674224,185906,96698,25316,1555257,4937771,1555257,191179,527975,427384,408719,881,42
2016,Rhode Island,1056426,408239,129932,885960,558273,316037,176142,23957,734045,10933,151195,70435,70435,60596,41590,52045,71414,462598,408239,171357,54359,17523,8350,3069,171357,408239,171357,26176,47924,54428,42829,948,44
2016,South Carolina,4961119,1877887,735960,4084459,2411334,1575450,608313,103715,3388476,38443,591086,242201,242201,49501,33255,46083,55218,2236262,1877887,589016,358375,126914,55423,8617,589016,1877887,589016,94358,164568,201109,128981,841,45
2016,South Dakota,865454,334003,110962,726330,457331,216186,115399,13905,565894,4465,111002,35829,35829,54467,36068,42054,51902,383827,334003,109544,49824,16333,8055,3326,109544,334003,109544,13351,34104,37509,24580,706,46
2016,Tennessee,6651194,2556332,1023177,5465855,3221750,2098965,821281,143567,4527198,49914,756055,303704,303704,48547,34346,46065,56454,2919698,2556332,892314,363366,68853,65037,15955,892314,2556332,892314,135801,284649,287085,184779,806,47
2016,Texas,27862596,9535612,4261337,22975106,13777044,7591263,3652410,618191,17775280,344914,3362678,1281070,1281070,56565,36691,52967,69803,10754268,9535612,3710141,1218656,256980,311993,54706,3710141,9535612,3710141,649412,914296,1231691,914742,956,48
2016,Vermont,624594,254851,71329,528748,338584,180937,106258,14416,439563,2557,92871,46671,46671,57677,37965,42338,57297,329539,254851,77079,74688,57452,3089,1232,77079,254851,77079,8750,21309,23090,23930,925,50
2016,Utah,3051217,943147,306902,2697246,1520790,707876,401158,78890,1783244,13047,381130,140249,140249,65977,37171,47164,70026,1054242,943147,283881,111095,50767,19088,2882,283881,943147,283881,31334,66580,112963,73004,954,49
2016,Virginia,8411808,3120692,896440,7261801,4447142,2313949,1564181,230566,5721173,69147,1241751,695229,695229,68114,42006,56324,80559,3491185,3120692,1083051,370493,94697,65299,20667,1083051,3120692,1083051,132433,247619,341561,361438,1159,51
2016,Washington,7288000,2768076,805691,6350615,3741765,2099759,1200385,205338,4996555,57914,1098509,472318,472318,67106,41887,58262,72335,3025802,2768076,1038756,257726,93513,35134,14184,1038756,2768076,1038756,113332,228848,382716,313860,1135,53
2016,West Virginia,1831102,722125,319063,1460856,802136,696964,177106,33654,1291757,9577,162243,78802,78802,43385,31970,42318,54743,886710,722125,199047,164585,47328,17384,3014,199047,722125,199047,32298,71220,61235,34294,682,54
2016,Wisconsin,5778709,2326998,661565,4967000,3091906,1554989,826244,111691,3933329,32304,758503,288536,288536,56811,38599,50323,62487,2668443,2326998,775766,341445,192827,39919,7486,775766,2326998,775766,80054,237954,278573,179185,802,55
2016,Wyoming,585501,223619,64663,506506,306974,152720,72386,10211,390794,1383,67845,26068,26068,59882,37164,47322,59833,270625,223619,69725,47006,18546,8605,1124,69725,223619,69725,5497,21755,29188,13285,840,56
2016,Puerto Rico,3411307,1208438,1469382,1910101,1256664,1552676,392943,107751,2372197,58790,433120,112925,112925,20078,18115,24860,36168,1555880,1208438,386766,347442,74349,32503,4689,386766,1208438,386766,93015,122018,101156,70577,463,72
2016,Alabama,4863300,1852518,810231,3931098,2232663,1665078,543795,104871,3300713,47193,506680,226164,226164,46257,33888,48304,57307,2230180,1852518,584380,377662,78351,68943,13460,584380,1852518,584380,99623,171911,203538,109308,743,01
2016,Alaska,741894,248468,71566,652402,403778,171310,102388,15465,478951,2419,90861,36182,36182,76440,43493,51665,75950,310672,248468,88253,62204,31249,5537,1580,88253,248468,88253,6952,24515,35729,21057,1208,02
2016,Arizona,6931071,2519052,1107464,5663634,3259425,2224065,830792,165583,4626409,72943,835779,359075,359075,53558,35919,50479,62034,2961136,2519052,926038,442084,217191,64394,13451,926038,2519052,926038,128003,218938,355514,223583,976,04
2016,Arkansas,2988248,1142718,499225,2399405,1355985,1002480,300396,52126,1990448,22575,282608,118134,118134,44334,31687,45963,56296,1354801,1142718,405086,212083,56400,35890,4037,405086,1142718,405086,64243,129198,141932,69713,701,05
2016,California,39250017,12944178,5525524,32987734,19744389,11447141,6003962,1024256,26304241,715067,5426164,2203376,2203376,67739,40005,60121,82271,14061375,12944178,6000750,1117197,381009,207406,62867,6000750,12944178,6000750,1135417,1172516,1895661,1797156,1375,06
2016,Colorado,5540545,2108992,598736,4821591,3002644,1415185,1055966,160115,3745506,32644,934273,409712,409712,65685,40893,51136,65657,2339140,2108992,743160,230148,116734,33724,8759,743160,2108992,743160,77340,169862,264391,231567,1171,08
2016,Delaware,952065,351085,108211,818653,473528,297531,135738,22702,662547,6040,121717,58672,58672,61757,40032,54225,71356,426154,351085,106080,75069,43596,9396,1595,106080,351085,106080,14019,35299,30188,26574,1048,10
2016,District of Columbia,681170,281241,120308,527346,395244,174688,219273,20494,480158,5188,115097,98988,98988,75506,60200,65886,89436,313703,281241,170865,32462,2905,12806,2977,170865,281241,170865,19808,33267,31630,86160,1376,11
2016,Connecticut,3576452,1357269,339128,3130386,1943614,976064,672357,100093,2467737,24016,541369,297488,297488,73433,47481,61257,80306,1499145,1357269,478196,141876,29797,28521,6589,478196,1357269,478196,73138,141306,128400,135352,1115,09
2016,Florida,20612439,7573456,2973512,17217830,9868010,7082166,2567291,513417,14703671,223815,2675907,1061264,1061264,50860,32100,45031,59576,9302140,7573456,2716331,1728684,917853,250070,47301,2716331,7573456,2716331,379913,756690,897648,682080,1086,12
2016,Georgia,10310371,3686135,1603013,8437188,5085287,3000124,1487160,241016,6785395,95293,1270275,560593,560593,53559,36223,50962,62819,4219103,3686135,1417529,532968,98211,94326,21431,1417529,3686135,1417529,223046,374613,460669,359201,933,13
2016,Idaho,1683140,610872,237445,1415147,803382,493217,193425,40432,1087265,8929,203363,65673,65673,51807,32340,41343,60084,700829,610872,192655,89957,49113,11097,2732,192655,610872,192655,22227,53881,76737,39810,790,16
2016,Hawaii,1428557,455868,129569,1259873,756610,395711,210159,34475,990937,10986,211850,67803,67803,74511,40281,49440,64283,537170,455868,195242,81302,36043,21999,2038,195242,455868,195242,16600,51798,74140,52704,1483,15
2016,Illinois,12801539,4822046,1621508,10880549,6668355,3554631,2151613,315455,8665219,102997,1813840,830129,830129,60960,40743,55161,70924,5327165,4822046,1675188,505119,54093,108205,17682,1675188,4822046,1675188,226024,423521,543921,481722,950,17
2016,Indiana,6633053,2533270,906077,5526727,3335703,1903794,812193,115968,4392576,37363,716293,301847,301847,52314,36168,48790,60620,2854595,2533270,801849,321325,45499,61174,16288,801849,2533270,801849,116743,259819,272611,152676,768,18
2016,Iowa,3134693,1247932,356378,2674960,1681455,807739,428000,53756,2087020,13969,398242,135083,135083,56247,37747,48207,64417,1380087,1247932,366497,132155,24246,24829,6365,366497,1247932,366497,41917,106756,137005,80819,741,19
2016,Kansas,2907289,1110407,342544,2483320,1508145,765193,438268,64855,1891936,17349,390861,170982,170982,54935,36897,46772,57533,1259870,1110407,381015,149463,14306,35003,5839,381015,1110407,381015,41663,101860,143107,94385,789,20
2016,Kentucky,4436974,1717706,794060,3504893,2093294,1448763,493100,80945,2995509,31865,419081,202997,202997,46659,35057,47610,56285,1965577,1717706,569531,247871,43131,35808,10113,569531,1717706,569531,92435,172338,206331,98427,707,21
2016,Louisiana,4681666,1720801,918187,3627830,2188407,1502393,501001,84163,3115020,40355,473299,169554,169554,45146,35035,46163,57210,2037067,1720801,615091,316266,55373,57713,11071,615091,1720801,615091,115759,205097,183919,110316,808,22
2016,Maine,1331479,531660,161749,1134222,690870,417841,192888,26014,966569,5635,181434,79538,79538,53079,35585,43559,56855,730786,531660,149544,199126,142967,10963,2133,149544,531660,149544,14689,49338,49261,36256,797,23
2016,Maryland,6016447,2194657,567715,5307311,3277687,1542269,1177596,145578,4122508,52012,860491,528502,528502,78945,48147,61049,82479,2447211,2194657,748704,252554,62221,44435,8449,748704,2194657,748704,98314,186576,222542,241272,1314,24
2016,Massachusetts,6811779,2579398,686597,5887652,3775369,1826622,1465894,188481,4727515,63771,1124295,629351,629351,75297,48220,60503,76972,2858087,2579398,980468,278689,127144,41058,11147,980468,2579398,980468,147766,255927,247469,329306,1179,25
2016,Michigan,9928300,3884153,1451936,8250385,4894621,3107664,1312856,211939,6760402,67407,1162737,547241,547241,52492,36209,50821,68906,4560164,3884153,1152870,676011,293630,66781,15184,1152870,3884153,1152870,139291,330365,433949,249265,818,26
2016,Minnesota,5519952,2148725,533276,4863087,3040524,1334999,958706,109829,3725283,40123,860125,304937,304937,65599,41757,54749,70728,2409701,2148725,616694,260976,148687,26129,8695,616694,2148725,616694,66814,158339,220728,170813,912,27
2017,Mississippi,2984100,1091980,571219,2318632,1329899,1021937,285918,50040,1959341,22270,265220,117007,117007,43529,32374,41706,54539,1323754,1091980,343925,231774,48763,41923,5548,343925,1091980,343925,64438,99914,125481,54092,742,28
2017,Missouri,6113532,2385135,795732,5132784,3078317,1807383,856079,118512,4150275,35670,743797,333121,333121,53578,36565,48238,60056,2792445,2385135,788265,407310,103279,54760,12395,788265,2385135,788265,103228,233011,274561,177465,800,29
2017,Montana,1050493,423091,127777,896736,540463,306215,152285,21782,723666,4045,157326,53533,53533,53386,33210,40244,57421,510408,423091,130506,87317,48466,8707,2425,130506,423091,130506,10292,37037,49941,33236,759,30
2017,Nebraska,1920076,754490,200909,1664129,1048598,448153,292982,31198,1259254,15571,263330,95439,95439,59970,39578,50138,61324,837540,754490,254404,83050,18687,17156,2147,254404,754490,254404,29954,69967,96611,57872,801,31
2017,Nevada,2998039,1094613,384120,2570159,1522722,867466,327725,66604,2063180,26851,340110,120878,120878,58003,36423,48974,65557,1249733,1094613,475304,155120,50041,35813,7895,475304,1094613,475304,70249,130107,184148,90800,1051,32
2017,New Hampshire,1342795,528700,99966,1198932,759219,359389,246575,31016,958005,5197,216750,104196,104196,73381,45390,56249,70295,634689,528700,159663,105989,74825,5907,2394,159663,528700,159663,16321,48567,53731,41044,1072,33
2017,New Jersey,9005644,3218798,882673,7948527,4755006,2510344,1788967,255073,6234538,83040,1506899,712061,712061,80088,49671,63545,86548,3615891,3218798,1164869,397093,138966,54736,9302,1164869,3218798,1164869,168618,341018,299584,355649,1284,34
2017,New Mexico,2088070,767705,401755,1642432,939545,715145,221429,48611,1391475,16865,211995,115804,115804,46744,32343,42379,60401,937976,767705,246255,170271,59632,22840,6261,246255,767705,246255,34211,59603,92646,59795,813,35
2017,New York,19849399,7304332,2722257,16615428,10218721,5959490,3589381,489857,13821132,269908,2794920,1592075,1592075,64894,42525,60027,75012,8327621,7304332,3374299,1023289,362676,149330,41478,3374299,7304332,3374299,578266,868719,822243,1105071,1226,36
2017,North Carolina,10273419,3955069,1471339,8537703,5143222,3105429,1516771,249821,6991185,78384,1406739,571243,571243,52752,36420,50105,61504,4622656,3955069,1368453,667587,212391,101192,24212,1368453,3955069,1368453,196479,344986,477870,349118,861,37
2017,North Dakota,755393,316306,75279,654076,426288,172732,115505,12756,495904,2752,108045,30784,30784,61843,41527,50270,61798,374591,316306,115752,58285,15833,16931,2870,115752,316306,115752,8978,32561,43872,30341,785,38
2017,Ohio,11658609,4667192,1582931,9747831,5894531,3472138,1565767,228541,7981885,62145,1381934,626841,626841,54021,37915,51684,66321,5201701,4667192,1597011,534509,56137,96465,21814,1597011,4667192,1597011,205450,523086,538510,329965,772,39
2017,Oklahoma,3930864,1470364,603864,3211126,1874308,1200694,444713,72585,2586414,25347,437243,161597,161597,50051,35198,46203,56850,1734074,1470364,507881,263710,40393,48470,8898,507881,1470364,507881,66802,158773,187378,94928,780,40
2017,Oregon,4142776,1603635,537974,3526493,2102930,1267865,646068,110767,2901195,28566,609160,260431,260431,60212,37424,48567,64380,1768582,1603635,596620,164947,68504,23805,5972,596620,1603635,596620,65496,138924,227762,164438,1079,41
2017,Pennsylvania,12805537,5008751,1548720,10849392,6524656,3934564,1995928,273479,8960842,96327,1697397,800211,800211,59195,40695,51950,70080,5694402,5008751,1587734,685651,198655,99983,24757,1587734,5008751,1587734,194017,568794,418801,406122,893,42
2017,Rhode Island,1059639,408748,118367,900189,574161,303798,173904,22493,736969,10826,149699,68812,68812,63870,42886,55749,75258,468266,408748,160025,59518,18932,8349,2942,160025,408748,160025,24391,53573,42474,39587,941,44
2017,South Carolina,5024369,1905100,751907,4130813,2444647,1605162,622413,105787,3443851,37883,607024,262659,262659,50570,33596,46928,56616,2284820,1905100,595430,379720,137613,59613,9643,595430,1905100,595430,94411,179135,203130,118754,848,45
2017,South Dakota,869666,344260,109099,729892,461825,217863,112944,12745,574559,3090,109803,35691,35691,56521,35955,44805,57922,392650,344260,111168,48390,16177,7653,1637,111168,344260,111168,13513,33608,39479,24568,722,46
2017,Tennessee,6715984,2588655,980284,5575105,3311043,2074648,873191,135741,4588453,43578,790840,327029,327029,51340,35588,46779,60242,2958799,2588655,894865,370144,69707,65108,16476,894865,2588655,894865,128798,290464,278895,196708,833,47
2017,Texas,28304596,9623874,4076905,23599438,14001860,7759873,3791542,644188,18149346,359423,3510311,1371324,1371324,59206,38425,54211,70427,10933375,9623874,3659691,1309501,255966,344755,58508,3659691,9623874,3659691,618861,900263,1210852,929715,987,48
2017,Vermont,623657,256629,67841,532021,339579,180000,109172,15413,439267,3198,98774,48963,48963,57513,37444,40592,58628,335248,256629,78224,78619,58506,3097,1048,78224,256629,78224,8231,22520,23804,23669,950,50
2017,Utah,3101833,975448,296557,2756076,1564636,714059,441240,83839,1827035,15564,416804,157207,157207,68358,38828,47092,70156,1084685,975448,293885,109237,51787,19545,4265,293885,975448,293885,30718,64564,117528,81075,986,49
2017,Virginia,8470020,3120880,874483,7346541,4478943,2334401,1602404,223281,5779221,71240,1270190,712006,712006,71535,44823,58191,80946,3512917,3120880,1043463,392037,89455,73024,16189,1043463,3120880,1043463,126973,244004,320102,352384,1179,51
2017,Washington,7405743,2840377,802159,6471554,3834306,2105202,1237241,209879,5101968,58122,1130392,492107,492107,70979,45115,59662,76407,3103263,2840377,1056828,262886,96949,40806,11104,1056828,2840377,1056828,107517,234076,393582,321653,1216,53
2017,West Virginia,1815857,715308,336301,1426166,778673,706379,165172,33509,1279350,8708,156378,77079,77079,43469,32951,43516,53919,892240,715308,196426,176932,49136,17949,4300,196426,715308,196426,30784,73314,60251,32077,690,54
2017,Wisconsin,5795483,2350293,639564,5005630,3089775,1573126,856337,108604,3958231,34272,782676,301195,301195,59305,40653,51162,65006,2695303,2350293,784694,345010,198454,43483,7674,784694,2350293,784694,80238,244390,278411,181655,819,55
2017,Wyoming,579315,225796,64054,501188,301010,155046,70272,12095,387700,2026,67312,30847,30847,60434,39090,47546,58518,276733,225796,66004,50937,16641,12870,1001,66004,225796,66004,5570,20492,25921,14021,832,56
2017,Puerto Rico,3337177,1191305,1468798,1837917,1201605,1569918,381918,116129,2343675,62483,428558,121293,121293,19343,18282,24330,35433,1561802,1191305,389281,370497,79662,36122,5501,389281,1191305,389281,96206,122319,101644,69112,453,72
2017,Alabama,4874747,1841665,802656,3949904,2207208,1699176,555851,111377,3309607,37856,528019,228314,228314,48123,35578,49520,57213,2258669,1841665,588466,417004,83562,74470,14480,588466,1841665,588466,91253,182977,207048,107188,750,01
2017,Alaska,739795,250741,80012,640460,389858,183338,97020,16291,481561,5109,86444,37005,37005,73181,45018,56914,75748,316968,250741,91397,66227,33151,8292,2456,91397,250741,91397,5807,25004,39785,20801,1201,02
2017,Arizona,7016270,2552972,1018935,5837132,3337245,2234338,865798,164269,4711362,66740,863062,373079,373079,56581,36923,51197,65573,2999185,2552972,900651,446213,216556,58528,18556,900651,2552972,900651,123230,217557,343966,215898,1020,04
2017,Arkansas,3004279,1153082,478365,2437956,1378801,996523,312107,56856,2008398,19952,301294,116823,116823,45869,34062,46483,60011,1370109,1153082,400683,217027,57847,36284,4571,400683,1153082,400683,63948,133450,132965,70320,711,05
2017,California,39536653,13005097,5160208,33632819,20064003,11446756,6218072,1033686,26679273,710279,5616449,2286009,2286009,71805,41122,60940,85555,14177270,13005097,5880007,1172173,416596,214814,61738,5880007,13005097,5880007,1057840,1167700,1835573,1818894,1447,06
2017,Colorado,5607154,2139207,564312,4918792,3061921,1426892,1107607,169295,3822068,40496,994894,421760,421760,69117,42324,52074,67553,2385495,2139207,744383,246288,123173,41197,10259,744383,2139207,744383,75203,162841,262026,244313,1240,08
2017,Delaware,961939,357937,126986,807961,463756,318207,139286,22686,673686,7865,121442,65823,65823,62852,41815,57157,73360,432853,357937,103989,74916,42754,8425,580,103989,357937,103989,11917,37602,29643,24827,1086,10
2017,District of Columbia,693972,281475,109920,550722,408910,170744,229726,17132,494614,7111,118172,103144,103144,82372,61641,65056,91724,314843,281475,162670,33368,4498,9959,1554,162670,281475,162670,18574,33242,26823,84031,1499,11
2017,Connecticut,3588184,1356762,334128,3148456,1931298,1006593,673406,95125,2493854,26455,533791,311043,311043,74168,48506,61520,80966,1517495,1356762,458528,160733,32290,35008,5144,458528,1356762,458528,71425,140177,115304,131622,1125,09
2017,Florida,20984400,7689964,2889506,17680414,10093485,7187147,2705974,545876,15020177,220810,2839500,1127371,1127371,52594,33638,45651,60959,9441585,7689964,2679777,1751621,912582,275395,50107,2679777,7689964,2679777,357501,758775,893171,670330,1128,12
2017,Georgia,10429379,3745074,1517702,8637045,5185489,3011238,1525884,244615,6896026,87336,1311611,585455,585455,56183,37173,51915,65479,4282254,3745074,1390152,537180,105439,102091,25638,1390152,3745074,1390152,209176,394684,444283,342009,958,13
2017,Idaho,1716943,625135,216309,1470182,825230,503319,193090,36995,1111788,8931,202800,66560,66560,52225,32470,42188,60976,721818,625135,189642,96683,51547,12732,2720,189642,625135,189642,20190,55599,75462,38391,822,16
2017,Hawaii,1427538,458078,132549,1256001,753340,400117,214484,33511,997744,10204,216993,77325,77325,77765,41518,50803,67836,542955,458078,190000,84877,37802,19371,1967,190000,458078,190000,16911,48285,70352,54452,1573,15
2017,Illinois,12802023,4808672,1569753,10933967,6660640,3588881,2152090,317449,8707057,116388,1829903,857509,857509,62992,41505,56643,73296,5359416,4808672,1626440,550744,56025,124605,23163,1626440,4808672,1626440,209925,426299,519985,470231,974,17
2017,Indiana,6666818,2557299,871247,5592389,3346097,1929208,851919,116421,4435317,42269,753268,320548,320548,54181,37460,50294,62356,2885342,2557299,791799,328043,49738,62073,15404,791799,2557299,791799,113438,258532,261229,158600,793,18
2017,Iowa,3145711,1257505,326636,2718049,1681435,817262,436971,50392,2093909,17134,406630,141796,141796,58570,40006,50840,64908,1397739,1257505,357143,140234,22977,28672,6260,357143,1257505,357143,36823,109097,129127,82096,760,19
2017,Kansas,2913123,1128983,336487,2490889,1516538,763320,448142,62764,1904528,16975,403542,180331,180331,56422,38513,49257,61088,1273776,1128983,385475,144793,18033,31739,6562,385475,1128983,385475,41626,104970,142418,96461,815,20
2017,Kentucky,4454189,1725034,744239,3572678,2106749,1446352,510243,76444,3018953,30971,423916,213672,213672,48375,35714,46881,56704,1984235,1725034,578366,259201,43002,34044,8205,578366,1725034,578366,93730,181984,200198,102454,724,21
2017,Louisiana,4684333,1737123,899039,3653998,2180136,1519683,515733,80445,3120277,36669,482439,178692,178692,46145,35479,48795,58960,2061582,1737123,604894,324459,60998,58833,9748,604894,1737123,604894,107145,207035,188489,102225,836,22
2017,Maine,1335907,540959,144012,1157204,702420,411769,198462,30414,971740,5432,193860,84719,84719,56277,36494,44118,58537,742644,540959,145150,201685,143358,13587,2738,145150,540959,145150,16509,48794,46600,33247,806,23
2017,Maryland,6052177,2207343,549171,5366138,3294443,1560931,1202415,138924,4167604,51818,889090,534613,534613,80776,50160,61640,82432,2449123,2207343,734843,241780,58338,46946,8017,734843,2207343,734843,93422,185927,218517,236977,1337,24
2017,Massachusetts,6859819,2604954,692201,5930243,3776331,1884400,1489352,202586,4788573,66368,1146586,653567,653567,77385,50590,62167,79988,2894590,2604954,981439,289636,128951,39967,10134,981439,2604954,981439,134994,267497,244481,334467,1208,25
2017,Michigan,9962311,3930017,1377766,8352439,4949724,3102778,1358344,220522,6819310,69818,1201375,588250,588250,54909,38116,51527,70518,4595274,3930017,1126645,665257,295487,58401,14569,1126645,3930017,1126645,131512,321430,417126,256577,835,26
2017,Minnesota,5576606,2162211,517476,4933106,3073117,1349718,1001024,112842,3778416,51708,888880,330787,330787,68388,43424,56347,72143,2437726,2162211,614617,275515,153053,28105,8869,614617,2162211,614617,66774,153950,216016,177877,939,27
2018,Alabama,4887871,1855184,800422,3963406,2231613,1698966,558852,105833,3337464,38490,536086,229484,229484,49861,36084,50081,61177,2274711,1855184,592927,419527,78722,68102,16162,592927,1855184,592927,95312,187423,197965,112227,788,01
2018,Alaska,737438,254551,78620,642249,388885,183995,101671,16064,485353,4140,89635,38582,38582,74346,46189,57708,77402,318352,254551,87443,63801,28793,8371,1984,87443,254551,87443,5817,23780,36652,21194,1177,02
2018,Arizona,7171646,2614298,983499,6029945,3415877,2298130,896770,168797,4840304,68559,898032,389350,389350,59246,37464,51576,66004,3035902,2614298,919931,421604,209837,56431,12370,919931,2614298,919931,130092,212578,354676,222585,1036,04
2018,Arkansas,3013825,1156347,504504,2420944,1382752,1006856,307059,56663,2021939,21221,296422,125495,125495,47062,35209,46919,61185,1380521,1156347,395946,224174,53531,36912,9044,395946,1156347,395946,58710,128913,139952,68371,731,05
2018,California,39557045,13072122,4969326,33849128,20169143,11406060,6315508,1030525,26815644,707733,5704852,2365794,2365794,75277,42156,62347,90204,14277867,13072122,5906458,1205745,394112,246826,62355,5906458,13072122,5906458,1031384,1203884,1823407,1847783,1520,06
2018,Colorado,5695564,2176757,537492,5039528,3138416,1431733,1148690,160863,3900287,38271,1013989,444914,444914,71953,44885,54937,68181,2424128,2176757,758776,247371,119155,42766,10168,758776,2176757,758776,78305,158898,264440,257133,1289,08
2018,Delaware,967171,367671,117242,823544,489706,298593,136168,21510,679700,5547,124178,66391,66391,64805,40661,52267,70036,438659,367671,106526,70988,38799,6633,1839,106526,367671,106526,14506,37595,29145,25280,1108,10
2018,District of Columbia,702455,287476,108055,560976,414568,171790,243743,19685,500176,4994,129782,109855,109855,85203,66589,68183,100698,319579,287476,165936,32103,3390,12150,840,165936,287476,165936,18996,34170,25561,87209,1516,11
2018,Connecticut,3572665,1378091,361377,3106886,1936101,997405,685779,95068,2493396,26439,544028,325902,325902,76348,50202,64398,83968,1521123,1378091,471320,143032,30785,29409,6775,471320,1378091,471320,70191,139595,123510,138024,1171,09
2018,Florida,21299325,7809358,2840977,18041674,10316295,7245485,2821112,559163,15302125,237501,2920459,1190545,1190545,55462,35254,46380,61748,9547762,7809358,2661116,1738404,916850,251819,43814,2661116,7809358,2661116,340118,738646,860756,721596,1182,12
2018,Georgia,10519475,3803012,1468642,8770016,5245825,3066218,1596597,239747,6978172,89695,1362317,606345,606345,58756,39150,54692,67375,4326266,3803012,1376577,523254,85713,108806,19161,1376577,3803012,1376577,201604,384552,438661,351760,1008,13
2018,Idaho,1754208,640270,203264,1519890,843615,514122,208312,36511,1143747,9372,213462,72465,72465,55583,35694,44469,61876,735703,640270,187354,95433,51175,10677,1660,187354,640270,187354,18896,57320,73850,37288,848,16
2018,Hawaii,1420491,455309,122143,1260305,752795,394961,217514,33829,995589,11827,218828,79475,79475,80212,41737,50463,69668,546261,455309,189945,90952,36528,21097,2790,189945,455309,189945,14042,46472,70971,58460,1613,15
2018,Illinois,12741080,4864864,1509247,10938024,6676623,3539681,2216645,300409,8706376,116424,1833666,887459,887459,65030,42583,57357,75802,5376176,4864864,1654751,511312,51190,112947,18226,1654751,4864864,1654751,210229,432211,512127,500184,995,17
2018,Indiana,6691878,2599169,852638,5636623,3391849,1911304,862483,119475,4467893,42994,771811,325867,325867,55746,38825,49851,62726,2903576,2599169,807420,304407,46739,57963,13961,807420,2599169,807420,111043,264406,263451,168520,820,18
2018,Iowa,3156145,1267873,343504,2712435,1678071,828509,439498,49117,2104792,18855,413442,133905,133905,59955,40709,51620,67140,1409568,1267873,364122,141695,25221,27291,5398,364122,1267873,364122,38138,111446,128923,85615,777,19
2018,Kansas,2911510,1133408,338175,2487505,1515474,769196,450723,61691,1911426,17255,402368,179315,179315,58218,39658,49852,61361,1280553,1133408,383587,147145,15522,33677,6858,383587,1133408,383587,41882,105919,142230,93556,840,20
2018,Kentucky,4468402,1732713,730408,3595897,2117233,1454821,524027,78634,3039414,32561,442090,226181,226181,50247,36310,50146,56623,1995187,1732713,564984,262474,39237,37777,8092,564984,1732713,564984,87289,175616,199062,103017,779,21
2018,Louisiana,4659978,1737220,843626,3685402,2168385,1514476,517480,82341,3125733,33752,496634,183295,183295,47905,36602,50273,57058,2076136,1737220,599696,338916,57977,58229,10787,599696,1737220,599696,103267,206579,182306,107544,854,22
2018,Maine,1338404,570307,151541,1150400,704960,415279,198233,28273,983382,6233,197489,79762,79762,55602,37290,43809,60013,746592,570307,164081,176285,125041,9294,2571,164081,570307,164081,15533,56007,52881,39660,839,23
2018,Maryland,6042718,2215935,528203,5371616,3283636,1569314,1222292,147171,4167339,53951,911761,546260,546260,83242,50791,63399,86118,2458779,2215935,733266,242844,58103,52004,7771,733266,2215935,733266,83046,185671,218743,245806,1371,24
2018,Massachusetts,6902149,2624294,663918,6001165,3807761,1895904,1555938,194005,4832728,73957,1178868,681633,681633,79835,51070,62154,81469,2915043,2624294,1003582,290749,137123,37832,12224,1003582,2624294,1003582,140662,243505,254588,364827,1295,25
2018,Michigan,9995915,3957466,1373349,8400775,4977773,3114245,1393692,212484,6869846,70950,1239251,590176,590176,56697,39208,52352,71057,4614552,3957466,1139982,657086,293454,58610,16905,1139982,3957466,1139982,133554,325153,421587,259688,861,26
2018,Minnesota,5611179,2194452,529077,4959267,3080480,1371469,1020993,113802,3809229,45513,920850,337189,337189,70315,45120,57806,73062,2455637,2194452,626513,261185,141740,30277,8880,626513,2194452,626513,66229,155366,222672,182246,969,27
2018,Wisconsin,5813568,2371960,625826,5039327,3096515,1596983,847316,108014,3992022,38766,775533,299862,299862,60773,41273,51879,65974,2710718,2371960,779520,338758,194810,44803,6895,779520,2371960,779520,84337,234575,280366,180242,847,55
2018,Wyoming,577737,230252,62301,501073,302831,157291,69954,11658,393136,2045,66449,28596,28596,61584,40159,47980,57555,278615,230252,68440,48363,15361,9735,1781,68440,230252,68440,6536,19787,27229,14888,818,56
2018,Puerto Rico,3195153,1179637,1363666,1802045,1184158,1500127,378870,115401,2288030,55176,430692,120713,120713,20296,18308,24570,33911,1553061,1179637,385846,373424,70623,27739,5869,385846,1179637,385846,89328,123815,96031,76672,484,72
2018,Mississippi,2986530,1108630,567645,2318803,1336759,1025922,307685,52023,1977283,24005,284701,122992,122992,44717,33417,42497,55339,1332631,1108630,352435,224001,34446,41723,4093,352435,1108630,352435,61504,99515,131281,60135,777,28
2018,Missouri,6126452,2434806,786330,5157328,3066200,1840803,869155,124886,4182787,33877,754906,351868,351868,54478,37641,50659,61244,2806296,2434806,808952,371490,89369,57468,7801,808952,2434806,808952,92952,244174,287271,184555,830,29
2018,Montana,1062305,431421,135114,902348,545240,312628,149316,23550,735761,3095,152448,57723,57723,55328,34949,42224,56959,515161,431421,140403,83740,40596,11445,1987,140403,431421,140403,11010,39452,53819,36122,811,30
2018,Nebraska,1929268,765490,206341,1669001,1040627,465562,300009,33057,1266440,16945,269675,100126,100126,59566,40310,50032,62451,845011,765490,259824,79521,16161,16037,3234,259824,765490,259824,26680,68892,98181,66071,830,31
2018,Nevada,3034392,1129810,387327,2604651,1539795,881195,333216,62770,2096574,35253,339675,124305,124305,58646,37600,48779,67845,1268717,1129810,488259,138907,35359,46990,5374,488259,1129810,488259,69009,136594,183023,99633,1108,32
2018,New Hampshire,1356458,531212,100220,1211786,757313,372369,238946,34272,970748,6395,217282,104805,104805,74991,45069,57015,70885,638112,531212,152470,106900,74381,7476,3951,152470,531212,152470,14962,44706,47904,44898,1090,33
2018,New Jersey,8908520,3249567,832133,7907171,4729209,2454360,1814643,259268,6189243,93262,1535321,707352,707352,81740,50913,65658,89332,3628198,3249567,1170619,378631,142329,54581,9012,1170619,3249567,1170619,170261,331178,288347,380833,1336,34
2018,New Mexico,2095428,794093,399456,1652303,941259,732519,225076,49805,1416481,17657,221735,119066,119066,47169,32779,45861,61635,943232,794093,268744,149139,47283,24681,3683,268744,794093,268744,45412,64914,95941,62477,830,35
2018,New York,19542209,7367015,2591391,16446173,10026845,5918172,3643850,501199,13672343,276357,2846770,1618369,1618369,67844,45764,60985,77469,8363847,7367015,3413230,996832,350376,151462,38072,3413230,7367015,3413230,583361,863831,822469,1143569,1274,36
2018,North Carolina,10383620,4011462,1417873,8682558,5216053,3136514,1558122,254842,7102144,84315,1454678,585019,585019,53855,36882,49295,62888,4684962,4011462,1398558,673500,207746,107213,20090,1398558,4011462,1398558,194910,350274,492192,361182,900,37
2018,North Dakota,760077,319355,78676,657995,418771,183103,109354,13123,500779,5081,110664,26850,26850,63837,44738,50976,64310,377661,319355,119888,58306,16423,14711,2192,119888,319355,119888,11280,31079,49602,27927,808,38
2018,Ohio,11689442,4685447,1578673,9783631,5938035,3469577,1631117,232935,8027035,73490,1431014,660793,660793,56111,40052,52613,67945,5217617,4685447,1599221,532170,62559,95193,24511,1599221,4685447,1599221,194102,512660,551702,340757,797,39
2018,Oklahoma,3943079,1485310,596949,3228078,1891713,1197403,442238,73570,2607613,24994,434570,167497,167497,51924,35989,46162,58154,1743073,1485310,513320,257763,37228,47995,5609,513320,1485310,513320,66074,158230,185815,103201,808,40
2018,Oregon,4190713,1639970,516570,3596572,2138616,1279087,659296,107341,2952380,31585,621190,266350,266350,63426,40148,51699,69381,1788743,1639970,615117,148773,55782,28186,4525,615117,1639970,615117,68772,139189,230828,176328,1130,41
2018,Pennsylvania,12807060,5070931,1517870,10876130,6576258,3894540,2022685,270037,8994627,86049,1723226,808356,808356,60905,41258,52668,71209,5713136,5070931,1592286,642205,178576,89962,18606,1592286,5070931,1592286,190405,537089,441936,422856,927,42
2018,Rhode Island,1057315,406573,131205,885264,562393,319094,174648,24504,740695,11509,147507,78052,78052,64340,45283,56513,71954,469153,406573,155219,62580,19003,10727,3592,155219,406573,155219,25066,50453,39976,39724,998,44
2018,South Carolina,5084127,1927991,755215,4189539,2475682,1630096,647633,104441,3492355,35289,627144,268230,268230,52306,35650,49131,58079,2318291,1927991,592505,390300,133009,66760,9243,592505,1927991,592505,86693,180049,199651,126112,892,45
2018,South Dakota,882235,345449,111626,740793,470490,219693,119767,13126,582850,4552,117943,36966,36966,56274,36836,45177,56641,397506,345449,110962,52057,15144,9206,2669,110962,345449,110962,11563,35377,38377,25645,734,46
2018,Tennessee,6770010,2603140,1011016,5591997,3330964,2100373,881139,140253,4640823,50803,801616,328826,328826,52375,36410,48256,61543,2992412,2603140,879156,389272,72131,73313,16733,879156,2603140,879156,136720,277812,277282,187342,861,47
2018,Texas,28701845,9776083,4180675,23893898,14266767,7851156,3973336,641333,18477097,367760,3627047,1438527,1438527,60629,39909,55437,71167,11101498,9776083,3742001,1325415,242080,340043,60992,3742001,9776083,3742001,603807,936967,1213687,987540,1046,48
2018,Vermont,626299,261373,66013,535248,344832,180256,114933,14009,445824,3292,103068,49452,49452,60782,39521,43198,60524,337133,261373,72575,75760,55086,3891,201,72575,261373,72575,6735,20040,22624,23176,969,50
2018,Utah,3161105,998891,280773,2830171,1587453,742077,450629,84151,1871902,15307,427561,160409,160409,71414,41127,49238,72603,1108739,998891,294908,109848,52845,19734,4561,294908,998891,294908,28099,69299,119277,78233,1043,49
2018,Virginia,8517685,3175524,884647,7379448,4482124,2375789,1628585,227256,5822007,64066,1296041,731653,731653,72577,45865,60105,82600,3538985,3175524,1082319,363461,82164,59909,17661,1082319,3175524,1082319,132302,252704,327581,369732,1215,51
2018,Washington,7535591,2895575,759013,6641544,3908438,2144389,1298281,218723,5215063,58951,1187508,524199,524199,74073,46329,61135,80520,3148084,2895575,1076587,252509,88919,44665,13669,1076587,2895575,1076587,107054,234401,390863,344269,1316,53
2018,West Virginia,1805832,734703,312188,1441288,788509,698961,173346,33332,1280781,9023,163614,76634,76634,44097,33375,41804,55120,893742,734703,202029,159039,37496,15107,3651,202029,734703,202029,26219,72304,68207,35299,735,54
2019,Illinois,12671821,4866006,1420542,10952667,6628213,3556570,2249412,296660,8694694,111298,1886240,892226,892226,69187,45015,60357,76363,5388210,4866006,1654139,522204,45833,100168,17777,1654139,4866006,1654139,197441,423994,506764,525940,1020,17
2019,Georgia,10617423,3852714,1373909,8958614,5308730,3085539,1645112,248373,7080222,98933,1410395,640949,640949,61980,40312,53662,70027,4378350,3852714,1382142,525636,84225,109718,16100,1382142,3852714,1382142,194632,364332,451772,371406,1049,13
2019,Idaho,1787065,655859,195984,1557962,881838,504827,212653,43117,1170997,10775,220189,81863,81863,60999,36445,46364,60816,751113,655859,186472,95254,52278,7793,2382,186472,655859,186472,19010,48936,77472,41054,880,16
2019,Hawaii,1415872,465299,128722,1250356,745236,402333,216053,33597,996668,8906,219979,77835,77835,83102,44557,52183,72035,550328,465299,185339,85029,35704,18125,1896,185339,465299,185339,15155,49300,66396,54488,1651,15
2019,Indiana,6732219,2597765,775823,5741607,3419651,1926801,861461,115971,4502015,46010,777771,318939,318939,57603,39833,50630,65941,2921115,2597765,797282,323350,45518,60237,16162,797282,2597765,797282,102065,279621,252787,162809,840,18
2019,Iowa,3155070,1287221,341613,2717325,1682701,834197,444050,47718,2123004,17427,420199,141152,141152,61691,41268,51751,66887,1418600,1287221,379341,131379,25761,25532,5949,379341,1287221,379341,37366,112978,143699,85298,808,19
2019,Kansas,2913314,1138329,323189,2503629,1533054,759422,452691,55866,1918081,18957,414851,176966,176966,62087,41181,51678,62008,1288430,1138329,381763,150101,14529,33232,9283,381763,1138329,381763,38399,105152,140176,98036,862,20
2019,Kentucky,4467673,1748732,703627,3623048,2112749,1468820,533894,75292,3048442,35629,453040,221989,221989,52295,37674,50711,60270,2006335,1748732,576908,257603,35796,39747,8223,576908,1748732,576908,82747,188081,192337,113743,773,21
2019,Louisiana,4648794,1741076,857894,3657982,2179183,1504870,521846,93999,3140201,36658,503947,194070,194070,51073,37599,50699,60992,2089824,1741076,583424,348748,64719,54155,11562,583424,1741076,583424,101435,199268,176275,106446,866,22
2019,Maine,1344212,573618,141803,1162297,711235,416933,209135,28462,991152,5010,205722,87322,87322,58924,39550,47375,60347,750964,573618,159499,177346,128988,8391,1557,159499,573618,159499,15074,53014,50594,40817,870,23
2019,Maryland,6045680,2226767,532241,5366119,3279799,1582625,1226569,141432,4183858,58776,911781,553133,553133,86738,52011,65193,89066,2470307,2226767,738599,243540,58402,49985,6174,738599,2226767,738599,89149,187149,208156,254145,1401,24
2019,Massachusetts,6892503,2650680,625763,6030667,3857469,1849785,1578919,187703,4850576,71817,1197208,692415,692415,85843,52470,65373,85717,2928818,2650680,1002933,278138,120800,32064,12588,1002933,2650680,1002933,130334,248245,245302,379052,1360,25
2019,Michigan,9986857,3969880,1269062,8503089,5010213,3085700,1407217,213307,6894627,74987,1252685,606220,606220,59584,40450,54634,71623,4629605,3969880,1128685,659725,289422,67503,18511,1128685,3969880,1128685,130080,341813,395921,260871,888,26
2019,Minnesota,5639632,2222568,494683,5020733,3112899,1366557,1047974,110776,3847212,47991,942830,350476,350476,74593,47050,60316,75925,2477515,2222568,624172,254947,133465,31718,9902,624172,2222568,624172,62567,158487,215068,188050,1016,27
2019,Connecticut,3565287,1377166,347149,3113297,1937195,989659,680350,98817,2496420,28222,549166,323247,323247,78833,50788,64143,85175,1524959,1377166,481572,147793,30210,33207,6790,481572,1377166,481572,70610,144093,128072,138797,1177,09
2019,Florida,21477737,7905832,2664772,18384112,10500485,7219369,2906135,533485,15484502,241600,2982643,1235227,1235227,59227,36021,47810,62425,9674053,7905832,2668313,1768221,947597,258494,38933,2668313,7905832,2668313,344995,735931,861242,726145,1238,12
2019,Alabama,4903185,1897576,739108,4042580,2281982,1655471,582803,104601,3360058,39664,547975,246772,246772,51734,37217,50643,60922,2284922,1897576,592353,387346,72998,65229,15449,592353,1897576,592353,92712,185554,191398,122689,807,01
2019,Alaska,731545,252199,71938,641787,377728,191971,100186,18110,484058,2291,89583,38960,38960,75463,47809,53033,71947,319867,252199,88927,67668,31350,9124,904,88927,252199,88927,6764,23245,37851,21067,1201,02
2019,Arizona,7278717,2670441,958442,6157824,3506306,2314301,921858,164894,4944540,76249,931038,404500,404500,62055,39956,52077,69902,3076048,2670441,927771,405607,196210,52912,13924,927771,2670441,927771,126428,213954,354991,232398,1101,04
2019,Arkansas,3017804,1163647,474739,2454378,1398200,1003099,316238,51802,2036456,26937,307185,121947,121947,48952,35215,46964,62027,1389159,1163647,401838,225512,51266,32432,5882,401838,1163647,401838,55397,138727,136642,71072,742,05
2019,California,39512223,13157873,4552837,34180458,20246507,11371279,6525969,1019329,26937872,727316,5889724,2400918,2400918,80440,45095,65078,92334,14367012,13157873,5939131,1209139,396923,253585,57610,5939131,13157873,5939131,1034478,1170712,1795291,1938650,1614,06
2019,Colorado,5758736,2235103,526979,5110925,3182096,1463684,1200124,164180,3974943,43139,1057825,471937,471937,77127,46887,58229,71616,2464109,2235103,763191,229006,111994,37266,8857,763191,2235103,763191,68044,167779,257594,269774,1369,08
2019,Delaware,973764,376239,106383,838572,494432,297687,152264,19546,687311,5920,134287,69023,69023,70176,43164,56603,70579,443764,376239,111736,67525,38414,7890,415,111736,376239,111736,14810,35105,32342,29479,1116,10
2019,District of Columbia,705749,291570,90534,582507,416359,171460,242779,18804,505145,6790,129825,107612,107612,92266,71361,75222,101956,322814,291570,170582,31244,3317,12849,1118,170582,291570,170582,15164,28890,33846,92682,1603,11
2019,Mississippi,2976149,1100229,564192,2313651,1342991,1017517,287293,49486,1979664,24065,270712,124266,124266,45792,32574,44148,56208,1339047,1100229,359578,238818,35287,43574,5262,359578,1100229,359578,63171,105364,131373,59670,777,28
2019,Missouri,6137428,2458337,770175,5182850,3078235,1839800,893914,123149,4206162,36461,775808,361205,361205,57409,40078,51217,63368,2819334,2458337,808318,360997,85990,44449,10434,808318,2458337,808318,95062,249271,272723,191262,834,29
2019,Montana,1068778,437651,131882,910800,545370,324032,161081,25202,741950,2479,171309,52425,52425,57153,36953,42150,58287,519938,437651,136195,82287,42314,10561,2475,136195,437651,136195,8371,38662,50989,38173,831,30
2019,Nebraska,1934408,771444,185761,1691868,1049680,459610,312703,30669,1271770,13165,277159,104377,104377,63229,41488,50779,61853,851167,771444,260074,79723,17067,16541,2921,260074,771444,260074,24808,70928,94251,70087,859,31
2019,Nevada,3080156,1143557,379564,2657635,1568228,897005,348520,64610,2136466,34025,355837,132910,132910,63276,39505,50293,66105,1285681,1143557,496039,142124,41745,41177,6042,496039,1143557,496039,71098,138417,181321,105203,1168,32
2019,New Hampshire,1359711,541396,95711,1220784,759931,377385,249256,31157,979750,6300,224636,109702,109702,77933,47392,60544,71884,642298,541396,157230,100902,70460,7416,1881,157230,541396,157230,14677,47501,50388,44664,1147,33
2019,New Jersey,8882190,3286264,798262,7914712,4731226,2437206,1826356,249871,6191229,88947,1555781,720869,720869,85751,51786,67038,92098,3641854,3286264,1204466,355590,136642,53593,8735,1204466,3286264,1204466,164448,360001,293106,386911,1376,34
2019,New Mexico,2096829,793420,373230,1680075,972732,705455,231769,43340,1425988,17204,221281,119825,119825,51945,35284,45109,62501,948470,793420,253368,155050,46063,22631,4994,253368,793420,253368,38598,56509,91589,66672,847,35
2019,New York,19453561,7446812,2467006,16465493,10085219,5810342,3697996,478976,13664734,271688,2898440,1633516,1633516,72108,47645,62699,81041,8404205,7446812,3461296,957393,350597,145834,38229,3461296,7446812,3461296,541184,875810,834760,1209542,1309,36
2019,North Carolina,10488084,4046348,1386122,8813117,5272092,3185127,1587578,258199,7187077,80091,1471420,615828,615828,57341,38534,50977,65620,4748148,4046348,1403639,701800,210901,101213,27920,1403639,4046348,1403639,185807,354201,491558,372073,931,37
2019,North Dakota,762062,323519,78112,660702,424480,178502,112563,12246,504375,2955,108527,31714,31714,64577,43865,51854,61288,379974,323519,125108,56455,13005,11287,4009,125108,323519,125108,9624,37010,48100,30374,804,38
2019,Ohio,11689100,4730340,1484862,9877524,5976393,3431248,1658938,214969,8049805,73312,1464945,660656,660656,58642,40586,53680,71180,5232943,4730340,1606607,502603,60230,79732,20756,1606607,4730340,1606607,195732,525432,535521,349922,813,39
2019,Oklahoma,3956971,1495151,583029,3258734,1895848,1214778,458031,71037,2619244,25779,447888,166623,166623,54449,38088,47828,61092,1749520,1495151,515253,254369,37218,45326,6163,515253,1495151,515253,69408,161968,184390,99487,814,40
2019,Oregon,4217737,1649352,470643,3665899,2158612,1293042,676299,106261,2988118,28561,627911,278908,278908,67058,40774,52498,70854,1808482,1649352,612227,159130,63792,25730,6026,612227,1649352,612227,57180,139477,235822,179748,1185,41
2019,Pennsylvania,12801989,5119249,1489333,10897845,6592650,3881769,2052879,262968,9028036,87504,1761627,827626,827626,63463,42229,55326,73805,5732580,5119249,1617425,613331,167755,84000,22161,1617425,5119249,1617425,192798,542907,445087,436633,951,42
2019,Rhode Island,1059361,407174,110244,908342,575681,305297,185132,20213,746952,11286,156087,72512,72512,71169,46060,57398,76827,470177,407174,156028,63003,18745,11987,3626,156028,407174,156028,24282,47599,41682,42465,1043,44
2019,South Carolina,5148714,1975915,692744,4310491,2513088,1645229,680971,110397,3563204,37866,656496,302770,302770,56227,37727,50734,60788,2351364,1975915,587423,375449,126671,60068,10481,587423,1975915,587423,91409,177231,195779,123004,922,45
2019,South Dakota,884659,353799,101946,752702,469624,222489,123648,13013,588029,3736,121231,38132,38132,59533,38646,47630,57244,401749,353799,113868,47950,14503,8566,1223,113868,353799,113868,10665,33848,42843,26512,769,46
2019,Tennessee,6829174,2654737,922176,5734209,3387696,2100179,939040,146418,4693962,45878,845100,351914,351914,56071,37610,50633,62832,3028437,2654737,889017,373700,70922,71038,16612,889017,2654737,889017,124669,271382,284952,208014,904,47
2019,Texas,28995881,9985126,3865010,24496413,14574146,7851466,4108176,645137,18772550,373023,3750797,1484968,1484968,64034,40895,56853,72195,11283892,9985126,3805848,1298766,229004,343266,63967,3805848,9985126,3805848,590260,940423,1238129,1037036,1091,48
2019,Vermont,623989,262767,60897,538133,343455,181698,114492,12793,445558,2803,101015,52196,52196,63001,41496,47170,61617,339412,262767,76515,76645,58429,3609,402,76515,262767,76515,7268,21952,22292,25003,980,50
2019,Utah,3205958,1023855,281279,2876717,1656987,721665,470386,76936,1911592,17095,448109,156469,156469,75780,41679,51611,76099,1133543,1023855,300567,109688,52067,24537,3456,300567,1023855,300567,25892,67915,126467,80293,1098,49
2019,Virginia,8535519,3191847,822775,7456582,4537998,2342706,1655246,219430,5872757,70422,1312800,743676,743676,76456,46873,61529,85582,3562258,3191847,1081134,370411,81905,64412,19055,1081134,3191847,1081134,130885,251036,328452,370761,1254,51
2019,Washington,7614893,2932477,730240,6739912,3988571,2139873,1338233,201598,5290324,61331,1204728,538939,538939,78687,48567,62447,86167,3195098,2932477,1082785,262621,91657,49286,10369,1082785,2932477,1082785,104433,232286,395085,350981,1359,53
2019,West Virginia,1792147,728175,278734,1460316,795104,681584,174826,31007,1281086,11577,161686,80380,80380,48850,35440,45304,58802,894983,728175,193607,166808,40218,15334,2763,193607,728175,193607,29985,71604,61917,30101,727,54
2019,Wisconsin,5822434,2386623,591486,5084071,3104192,1603232,893298,107331,4015285,33386,829878,307952,307952,64168,42222,52425,67112,2725153,2386623,782717,338530,194022,41125,9650,782717,2386623,782717,75519,239973,275505,191720,867,55
2019,Wyoming,578759,233128,56945,506583,297245,161232,71001,11717,389847,2287,73183,29454,29454,65003,40800,47962,61288,280281,233128,65546,47153,14346,9748,561,65546,233128,65546,3654,20187,25826,15879,822,56
2019,Puerto Rico,3193694,1170982,1376809,1790381,1217280,1482124,395687,110522,2301735,56396,443589,124314,124314,20474,18587,24668,34649,1559505,1170982,367522,388523,74470,26127,4724,367522,1170982,367522,78503,117910,94663,76446,482,72
2020,Pennsylvania,12794885,5106601,1480430,10906631,6566126,3889923,2059875,270943,8989998,91862,1754311,821652,821652,63627,42786,55309,73943,5713345,5106601,1584332,606744,169072,86625,22979,1584332,5106601,1584332,185088,526036,438318,434890,958,42
2020,California,39346023,13103114,4853434,33736448,20016955,11387009,6412727,1035039,26665143,773807,5764827,2377177,2377177,78672,44077,64554,91622,14210945,13103114,5861796,1107831,378023,227993,54898,5861796,13103114,5861796,1008884,1139471,1819433,1894008,1586,06
2020,West Virginia,1807426,734235,300152,1455439,798208,687124,177106,32860,1283869,9967,163598,80602,80602,48037,35792,45995,58094,893615,734235,193449,159380,40579,15438,2975,193449,734235,193449,28134,70360,61456,33499,732,54
2020,Utah,3151239,1003345,283360,2818689,1600462,724707,450978,80514,1868472,16060,429936,156361,156361,74197,41881,51386,76074,1110369,1003345,295682,107024,53007,18879,3712,295682,1003345,295682,26082,68183,120074,81343,1090,49
2020,New York,19514849,7417224,2581048,16428050,10032721,5876219,3660950,498316,13649157,294862,2854930,1625827,1625827,71117,47089,62598,80506,8362971,7417224,3402708,945747,344593,143648,39149,3402708,7417224,3402708,553020,836585,835974,1177129,1315,36
2020,District of Columbia,701974,288307,103391,565698,414396,171785,239615,20069,501986,5555,126808,106879,106879,90842,68622,71842,101063,319192,288307,165659,30885,3096,12052,1846,165659,288307,165659,16665,30741,28136,90117,1607,11
2020,Alaska,736990,255173,74369,645076,386787,185897,100473,16637,483436,3172,90161,39156,39156,77790,47999,58169,77356,318370,255173,89797,63197,30834,7555,1628,89797,255173,89797,6096,25562,37323,20816,1240,02
2020,Florida,21216924,7931313,2772939,18020689,10308068,7178515,2855106,541047,15255326,240030,2938593,1196501,1196501,57703,36150,48311,63440,9562324,7931313,2680435,1631011,867971,242453,41152,2680435,7931313,2680435,343815,734536,875359,726725,1218,12
2020,South Carolina,5091517,1961481,726470,4223711,2484102,1627643,662305,110455,3512626,38795,638394,278486,278486,54864,37119,50571,60883,2319112,1961481,586090,357631,125647,57592,9327,586090,1961481,586090,87043,171931,199379,127737,918,45
2020,North Dakota,760394,320873,77491,658351,421736,178113,112804,12797,497525,3127,109962,30854,30854,65315,44051,51302,64593,376597,320873,120202,55724,15104,13341,2602,120202,320873,120202,9652,33113,47042,30395,828,38
2020,Maine,1340825,569551,144384,1159654,706220,414558,205126,28088,982385,5287,199746,85892,85892,59489,39230,46733,60944,746793,569551,154612,177242,127565,9848,1961,154612,569551,154612,13868,51338,50175,39231,873,23
2020,Georgia,10516579,3830264,1461572,8776797,5254983,3041834,1615069,246816,6996425,100517,1377311,619111,619111,61224,40346,54594,69501,4329675,3830264,1377105,499411,93609,96603,18961,1377105,3830264,1377105,191074,370881,451423,363727,1042,13
2020,Alabama,4893186,1888504,762642,4008972,2259980,1666862,579043,106630,3344006,41430,546674,239746,239746,52035,37574,51041,62044,2270398,1888504,581999,381894,74821,63532,13532,581999,1888504,581999,91538,175976,199873,114612,811,01
2020,New Hampshire,1355244,539116,97418,1215352,761007,369001,248748,32599,971162,6840,223814,106537,106537,77923,47425,57785,72909,638611,539116,155277,99495,70149,6629,2430,155277,539116,155277,14753,44148,50898,45478,1145,33
2020,Oregon,4176346,1642579,506558,3590186,2134435,1273987,666316,111358,2944830,32457,627360,266932,266932,65667,40789,52857,70453,1788855,1642579,611573,146276,59709,22913,5218,611573,1642579,611573,62596,135147,232841,180989,1173,41
2020,Wyoming,581348,233231,61006,505852,303956,157461,71506,12121,392819,2291,69396,30666,30666,65304,41650,51152,61689,278495,233231,67701,45264,15888,8830,919,67701,233231,67701,5192,19248,28137,15124,853,56
2020,Arizona,7174064,2643430,990528,6022471,3436482,2284474,914635,171882,4846056,75681,911228,401110,401110,61529,40039,53315,68813,3040595,2643430,916254,397165,198985,53207,13186,916254,2643430,916254,119533,209636,350455,236630,1097,04
2020,Louisiana,4664616,1751956,845230,3686957,2185171,1502936,529276,86506,3139520,39383,499998,195679,195679,50800,38716,50723,59628,2074664,1751956,584328,322708,59239,55568,9992,584328,1751956,584328,101028,195704,179322,108274,876,22
2020,Indiana,6696893,2602770,838149,5653483,3383365,1923002,864670,119042,4466180,46831,770901,325852,325852,58235,40002,51475,65658,2903720,2602770,794477,300950,45697,56651,14890,794477,2602770,794477,106972,261548,260252,165705,844,18
2020,Idaho,1754367,649299,205676,1517296,858590,501472,210323,40967,1145344,10572,221092,74253,74253,58915,36300,45572,63918,737411,649299,189871,88112,48847,8751,2197,189871,649299,189871,19621,53704,77233,39313,887,16
2020,Connecticut,3570549,1385437,339156,3127779,1933145,994694,690296,97224,2489205,29120,551459,323696,323696,79855,51280,66131,85786,1521199,1385437,470029,135762,29669,27938,5312,470029,1385437,470029,69219,135354,125078,140378,1201,09
2020,Hawaii,1420074,467932,127971,1253606,750350,398486,218352,33126,996423,10868,218679,77639,77639,83173,43619,52264,71768,546571,467932,185895,78639,32027,17814,1873,185895,467932,185895,14250,48579,68152,54914,1651,15
2020,Illinois,12716164,4884061,1488670,10929834,6650033,3543571,2232590,306771,8686700,121300,1875011,884787,884787,68428,44669,60045,77135,5373385,4884061,1646283,489324,48264,105072,17463,1646283,4884061,1646283,200490,420781,515179,509833,1038,17
2020,Massachusetts,6873003,2646980,653454,5983875,3815083,1862942,1546883,193227,4815331,71939,1181453,675372,675372,84385,52993,65496,84800,2913009,2646980,992088,266029,123556,34129,10325,992088,2646980,992088,131298,247804,249190,363796,1336,25
2020,Texas,28635442,9906070,3984260,24029186,14309066,7769024,4026545,653741,18449851,404398,3671085,1454717,1454717,63826,40969,57267,73082,11112975,9906070,3737262,1206905,235967,319748,53125,3737262,9906070,3737262,581383,907908,1231384,1016587,1082,48
2020,Montana,1061705,436048,132476,904014,545629,313556,157342,23957,734688,3014,163183,54749,54749,56539,36309,42729,57794,514956,436048,137320,78908,41792,9126,1753,137320,436048,137320,9441,39690,50680,37509,836,30
2020,Nebraska,1923826,766663,193820,1675647,1040763,460050,298809,33287,1259540,16736,269312,99686,99686,63015,41351,50886,64792,844248,766663,259372,77585,16781,14943,2622,259372,766663,259372,26169,68863,97606,66734,857,31
2020,Ohio,11675275,4717226,1546011,9804367,5927187,3458406,1628383,230004,8014966,73756,1438177,646178,646178,58116,40661,54403,70412,5217090,4717226,1589054,499864,59067,85978,20485,1589054,4717226,1589054,192500,510214,539617,346723,825,39
2020,Colorado,5684926,2137402,544232,5019591,3115754,1452273,1143105,164911,3900754,45328,1015989,445484,445484,75231,45559,55870,71561,2361372,2137402,722078,223970,111290,37263,8746,722078,2137402,722078,68032,155657,251821,246568,1335,08
2020,New Jersey,8885418,3272054,842704,7871088,4709106,2452078,1806483,253048,6169501,89062,1530150,713029,713029,85245,52149,67849,91756,3628732,3272054,1177627,356678,134412,54735,8923,1177627,3272054,1177627,165435,340448,296532,375212,1368,34
2020,Maryland,6037624,2230527,531553,5363282,3275954,1570122,1228430,143363,4164698,59515,907523,553634,553634,87063,52749,65441,89159,2459650,2230527,734699,229123,57745,44432,7018,734699,2230527,734699,86209,183221,216445,248824,1415,24
2020,Virginia,8509358,3184121,826708,7428867,4508686,2340768,1643366,226281,5831949,72162,1304079,738068,738068,76398,47318,61390,85957,3537788,3184121,1060350,353667,82998,61514,16835,1060350,3184121,1060350,122285,246443,322346,369276,1257,51
2020,Vermont,624340,262852,64700,535238,342240,180825,115594,14524,442089,2543,103940,50946,50946,63477,41629,46700,62750,337214,262852,75478,74362,55542,3149,626,75478,262852,75478,6817,20950,22620,25091,999,50
2020,North Carolina,10386227,4031592,1411939,8686391,5210600,3141655,1558452,261186,7096773,86108,1448972,596144,596144,56642,38450,51434,65394,4687122,4031592,1381743,655530,208292,102026,23453,1381743,4031592,1381743,188615,341120,483758,368250,932,37
2020,Arkansas,3011873,1170544,470190,2453395,1386758,1001411,322645,54008,2026722,25317,308648,127192,127192,49475,35727,48498,62247,1379778,1170544,400067,209234,54148,32241,4986,400067,1170544,400067,58497,130291,137498,73781,760,05
2020,Washington,7512465,2905822,751044,6621389,3904996,2133816,1302677,211449,5199771,64622,1183949,521634,521634,77006,48182,63477,83120,3150194,2905822,1067763,244372,91085,40974,11618,1067763,2905822,1067763,104331,229626,391055,342751,1337,53
2020,Kansas,2912619,1141985,323644,2504854,1523349,762572,450885,61622,1911990,19982,410344,176258,176258,61091,41052,51415,63299,1280376,1141985,385676,138391,14993,32049,6375,385676,1141985,385676,39192,104212,142531,99741,863,20
2020,Oklahoma,3949342,1493569,585520,3248192,1893873,1203485,453501,73808,2611680,27981,448366,168318,168318,53840,37480,48010,60818,1740972,1493569,507014,247403,37881,45179,6391,507014,1493569,507014,66294,154481,186631,99608,818,40
2020,Wisconsin,5806975,2377935,620947,5038538,3096518,1586015,868875,111448,3982118,35747,806518,301337,301337,63293,42382,53594,67272,2709444,2377935,781435,331509,191920,40488,7744,781435,2377935,781435,76839,235748,280179,188669,872,55
2020,Mississippi,2981835,1116649,564439,2318635,1351695,1005331,300607,49935,1983112,24190,274566,126383,126383,46511,34427,44626,56644,1330867,1116649,348677,214218,38016,37160,4120,348677,1116649,348677,61734,99000,128183,59760,789,28
2020,Missouri,6124160,2440212,772992,5169821,3090253,1813325,881503,121919,4176792,36156,770259,350975,350975,57290,39535,50856,63088,2804664,2440212,802838,364452,92141,51276,9864,802838,2440212,802838,92357,239542,278972,191967,843,29
2020,Michigan,9973907,3980408,1337256,8416285,4961054,3109565,1400184,222290,6853674,74914,1251117,592305,592305,59234,40538,54452,72730,4611913,3980408,1124923,631505,288395,59582,14281,1124923,3980408,1124923,125809,321385,414485,263244,892,26
2020,Rhode Island,1057798,414730,117785,899243,570567,307554,180904,23112,741370,11228,155981,73251,73251,70305,45897,57066,76987,469289,414730,159280,54559,17599,8747,2948,159280,414730,159280,24533,46769,45345,42633,1031,44
2020,Minnesota,5600166,2207988,511185,4965771,3078339,1366217,1025282,113435,3802438,48089,919059,339217,339217,73382,46597,59849,76350,2458030,2207988,619377,250042,138793,27736,8096,619377,2207988,619377,64331,151997,218649,184400,1010,27
2020,Iowa,3150011,1273941,339090,2712194,1679440,825100,442230,50991,2104864,17165,415048,140427,140427,61836,41504,52475,68771,1407819,1273941,366974,133878,24322,26072,5718,366974,1273941,366974,36782,108707,135613,85872,806,19
2020,New Mexico,2097021,792755,381026,1672883,962807,709222,235758,48091,1415298,18737,223875,123668,123668,51243,35029,45310,63199,943568,792755,253673,150813,48224,23236,4303,253673,792755,253673,34091,59577,96491,63514,857,35
2020,Nevada,3030281,1130011,381695,2606122,1534671,884881,340984,63998,2093820,37570,348505,128724,128724,62043,38831,49742,68910,1268533,1130011,485147,138522,42350,38317,6196,485147,1130011,485147,67093,132173,183002,102879,1159,32
2020,Delaware,967679,370953,107641,833625,489325,297777,144720,22086,679870,5984,129092,67357,67357,69110,43124,57580,74916,438438,370953,106038,67485,40500,7105,956,106038,370953,106038,12727,34070,31379,27862,1150,10
2020,Puerto Rico,3255642,1205749,1400958,1826499,1210925,1517914,392981,113650,2331294,55264,443697,122652,122652,21058,19015,25507,36168,1559976,1205749,388350,354227,70457,28946,4988,388350,1205749,388350,87986,122039,101848,76477,486,72
2020,Kentucky,4461952,1748053,717895,3604986,2121356,1446156,529472,81264,3034491,32604,447884,223586,223586,52238,37620,50633,59235,1994554,1748053,567032,246501,39937,34234,8127,567032,1748053,567032,85305,175721,197534,108472,783,21
2020,South Dakota,879336,347878,108863,741047,466573,220312,119925,12886,580244,4571,116400,37222,37222,59896,38887,47489,60040,396817,347878,111383,48939,15144,8307,1938,111383,347878,111383,11460,33988,39178,26757,761,46
2020,Tennessee,6772268,2639455,965213,5638255,3343918,2093324,909641,146362,4649847,49000,826947,339015,339015,54833,37786,50111,63085,2996127,2639455,882921,356672,68017,65875,14860,882921,2639455,882921,122264,276479,281229,202949,897,47
