,0400000US01,0400000US02,0400000US04,0400000US05,0400000US06,0400000US08,0400000US09,0400000US10,0400000US11,0400000US12,0400000US13,0400000US15,0400000US16,0400000US17,0400000US18,0400000US19,0400000US20,0400000US21,0400000US22,0400000US23,0400000US24,0400000US25,0400000US26,0400000US27,0400000US28,0400000US29,0400000US30,0400000US31,0400000US32,0400000US33,0400000US34,0400000US35,0400000US36,0400000US37,0400000US38,0400000US39,0400000US40,0400000US41,0400000US42,0400000US44,0400000US45,0400000US46,0400000US47,0400000US48,0400000US49,0400000US50,0400000US51,0400000US53,0400000US54,0400000US55,0400000US56,Year
S0201_001E,4785298,713985,6413737,2921606,37349363,5049071,3577073,899769,604453,18843326,9712587,1363621,1571450,12843166,6490621,3049883,2859169,4346266,4544228,1327567,5785982,6557254,9877574,5310584,2970036,5996231,990898,1830429,2704642,1316759,8801624,2065932,19392283,9561558,674499,11536182,3761702,3838957,12709630,1052886,4636312,816463,6356897,25257114,2776469,625960,8024617,6744496,1853973,5691047,564460,2010
S0201_038E,4669482,687633,6274353,2842675,36529547,4933193,3458921,875356,564432,18421617,9459388,1320741,1542499,12541393,6303698,2951771,2780095,4220396,4416801,1292022,5647607,6318372,9648506,5175189,2878072,5822089,962049,1779264,2668488,1276655,8614748,2023303,18806605,9304312,649443,11229916,3649685,3752315,12283517,1010223,4497158,782413,6203425,24675975,2730317,600631,7784783,6605121,1804591,5540833,550748,2010
S0201_090E,3161521,450577,4146758,1919422,24097200,3328045,2434383,600779,416824,13077179,6235623,926928,987829,8465762,4229798,2018785,1840681,2903308,2945907,937014,3873474,4458898,6569801,3528096,1904406,3984849,672952,1184379,1789530,907755,5970904,1341329,13089848,6325621,442946,7720849,2449213,2614886,8654829,709979,3074357,532379,4242391,15772122,1584824,431042,5361301,4505657,1294747,3800295,370951,2010
S0201_091E,17.9,9.0,14.4,17.1,19.3,10.3,11.4,12.3,12.6,14.5,15.7,10.1,11.7,13.1,13.0,9.4,10.8,18.1,18.1,9.7,11.9,10.9,11.3,8.2,19.0,13.1,8.3,9.6,15.3,8.5,12.0,16.7,15.1,15.3,9.7,11.9,13.8,11.2,11.6,16.5,15.9,10.4,16.4,19.3,9.4,9.0,13.5,10.2,16.8,9.9,7.7,2010
S0201_092E,31.3,25.3,25.1,34.6,20.8,22.8,28.2,32.7,20.3,29.9,29.3,28.6,28.6,27.6,36.0,33.7,27.8,34.3,34.4,34.4,25.9,26.2,30.9,27.3,30.6,31.9,29.9,28.3,29.7,29.8,29.5,26.4,27.7,27.7,27.1,35.2,32.0,25.0,37.5,27.2,30.5,31.6,33.5,25.6,24.5,31.5,25.4,23.8,41.6,33.3,30.2,2010
S0201_093E,29.0,37.8,34.7,28.9,29.8,30.5,24.8,27.2,17.0,29.7,27.7,31.8,35.3,28.5,28.4,31.9,31.6,27.1,26.2,29.1,26.1,23.9,32.6,32.7,30.9,29.4,33.0,33.4,33.3,28.9,23.2,31.9,24.6,30.6,35.7,28.3,31.3,35.0,23.9,26.1,29.0,31.7,27.0,29.2,36.8,25.9,26.9,34.9,24.1,30.5,38.0,2010
S0201_094E,13.9,18.5,16.7,13.2,19.1,23.4,20.2,16.5,23.2,16.6,17.5,19.9,16.7,19.2,14.6,17.1,19.3,12.4,14.4,17.3,19.7,22.3,15.6,21.5,12.4,16.0,19.8,19.6,14.3,20.4,22.1,14.2,18.6,17.8,19.7,15.7,15.4,18.3,16.7,18.1,15.8,18.6,14.6,17.3,19.9,20.3,20.1,19.9,10.9,17.4,15.7,2010
S0201_095E,8.0,9.4,9.2,6.3,11.0,13.0,15.3,11.3,26.9,9.2,9.8,9.6,7.7,11.5,8.1,7.9,10.5,8.1,7.0,9.5,16.4,16.7,9.6,10.3,7.1,9.5,9.0,9.0,7.4,12.4,13.3,10.8,14.0,8.7,7.9,8.9,7.5,10.5,10.4,12.2,8.8,7.7,8.5,8.6,9.4,13.3,14.2,11.1,6.6,9.0,8.4,2010
S0201_154E,3785555,546981,4963740,2290670,29159527,3955676,2862777,716786,515434,15327982,7497805,1093645,1187623,10084990,5070852,2409078,2213226,3437562,3550438,1088605,4596659,5313877,7833379,4175262,2302345,4746821,794804,1419846,2116850,1066757,6987107,1605996,15615773,7526813,541407,9136211,2930683,3071969,10273564,858137,3675309,637449,5025830,19123208,1987748,513553,6385834,5342873,1513633,4511968,442306,2010
S0201_155E,59.7,71.6,61.0,60.4,64.3,69.4,68.0,63.6,66.8,60.4,64.2,66.6,64.0,66.3,64.2,68.6,68.0,60.3,62.1,64.5,69.5,67.7,62.2,70.4,58.7,64.4,64.1,70.8,66.3,69.7,66.6,60.2,63.5,64.0,70.5,64.1,62.6,63.5,63.0,64.6,61.9,68.9,61.6,65.2,68.4,68.4,66.7,65.3,54.3,68.3,68.3,2010
S0201_157E,52.3,61.7,53.5,54.4,55.7,61.9,60.7,57.4,58.0,52.0,55.6,58.4,57.4,58.6,57.2,63.9,62.0,52.8,55.4,58.9,62.8,60.7,52.8,64.5,51.0,57.6,58.8,65.9,56.5,64.2,59.3,54.1,57.1,54.9,67.0,56.7,56.9,55.4,56.9,57.2,53.2,64.2,54.4,58.9,61.8,62.8,59.7,57.5,49.3,62.2,63.4,2010
S0201_158E,7.0,6.6,7.2,5.8,8.2,6.8,7.1,5.9,8.2,8.0,8.0,5.1,6.4,7.6,6.9,4.6,5.3,6.6,6.2,5.3,6.1,6.9,9.4,5.9,7.2,6.4,4.8,4.6,9.3,5.4,7.2,5.7,6.2,8.0,2.7,7.3,5.1,8.1,6.0,7.0,7.8,4.1,6.9,5.7,6.4,5.5,5.1,6.9,4.8,6.1,4.2,2010
S0201_161E,40.3,28.4,39.0,39.6,35.7,30.6,32.0,36.4,33.2,39.6,35.8,33.4,36.0,33.7,35.8,31.4,32.0,39.7,37.9,35.5,30.5,32.3,37.8,29.6,41.3,35.6,35.9,29.2,33.7,30.3,33.4,39.8,36.5,36.0,29.5,35.9,37.4,36.5,37.0,35.4,38.1,31.1,38.4,34.8,31.6,31.6,33.3,34.7,45.7,31.7,31.7,2010
S0201_213E,1815152,254610,2334050,1114902,12406475,1960585,1358809,328765,252388,7035068,3482420,445812,576709,4752857,2470905,1223439,1101658,1684348,1689822,545417,2127439,2520419,3806621,2091548,1079999,2350628,402747,719304,989811,515431,3172421,765183,7196427,3670859,280412,4525066,1432959,1507137,4936030,402295,1761393,318955,2440663,8738664,880025,256922,2992732,2606863,741940,2279532,222803,2010
S0201_214E,40474,64576,46789,38307,57708,54046,64032,55847,60903,44409,46430,63030,43490,52972,44613,47961,48257,40062,42505,45815,68854,62072,45413,55459,36851,44301,42666,48408,51001,61042,67681,42090,54148,43326,48670,45090,42072,46560,49288,52254,42018,45904,41461,48615,54744,49406,60674,55631,38218,49001,53512,2010
S0201_226E,1227884,170859,1548428,761361,8507856,1258885,890770,221233,101519,4556930,2385969,303075,401806,3133813,1656386,793768,721592,1126685,1129117,345328,1431958,1590257,2508780,1353758,746115,1524078,255199,468407,639686,344057,2185732,501092,4632676,2441916,171945,2960107,954622,963362,3197710,246028,1180687,204029,1644896,6091590,665964,159846,2013520,1681386,485652,1453332,147394,2010
S0201_227E,50429,76962,55353,47049,65481,67800,81246,68746,77514,53093,55209,76134,52342,65417,55368,60917,61013,50392,52456,58197,83137,78653,56101,69625,45484,56214,54507,60812,60192,74634,82427,51020,65897,52920,65207,56518,51958,56661,61890,67814,51704,59987,51083,56575,61618,62575,72476,67328,48927,62088,65841,2010
S0201_265E,1815152,254610,2334050,1114902,12406475,1960585,1358809,328765,252388,7035068,3482420,445812,576709,4752857,2470905,1223439,1101658,1684348,1689822,545417,2127439,2520419,3806621,2091548,1079999,2350628,402747,719304,989811,515431,3172421,765183,7196427,3670859,280412,4525066,1432959,1507137,4936030,402295,1761393,318955,2440663,8738664,880025,256922,2992732,2606863,741940,2279532,222803,2010
S0201_266E,70.1,63.9,65.2,67.4,55.6,65.9,68.0,73.0,42.5,68.1,66.2,58.0,69.6,67.7,70.3,72.4,68.1,68.6,67.6,72.7,67.0,62.2,72.8,73.0,69.8,69.0,69.7,67.4,57.2,71.7,66.4,67.9,54.3,67.2,66.9,68.4,67.8,62.5,70.1,60.8,68.7,68.0,68.1,63.6,69.9,70.4,67.7,63.1,74.6,68.7,69.7,2010
S0201_267E,29.9,36.1,34.8,32.6,44.4,34.1,32.0,27.0,57.5,31.9,33.8,42.0,30.4,32.3,29.7,27.6,31.9,31.4,32.4,27.3,33.0,37.8,27.2,27.0,30.2,31.0,30.3,32.6,42.8,28.3,33.6,32.1,45.7,32.8,33.1,31.6,32.2,37.5,29.9,39.2,31.3,32.0,31.9,36.4,30.1,29.6,32.3,36.9,25.4,31.3,30.3,2010
S0201_298E,1130,1772,1442,987,2242,1590,2068,1569,2297,1505,1390,2240,1187,1655,1090,1140,1239,1072,1163,1289,2016,2036,1288,1503,1043,1182,1217,1218,1638,1853,2370,1202,1963,1250,1133,1246,1089,1577,1390,1837,1177,1151,1161,1402,1433,1445,1728,1736,918,1404,1300,2010
S0201_299E,346,499,366,311,452,387,777,428,546,470,381,475,315,534,344,392,419,311,320,433,555,654,442,438,331,366,350,429,429,668,909,303,665,358,378,416,341,429,459,647,336,375,338,437,348,580,409,469,268,497,350,2010
S0201_304E,667,981,844,638,1163,863,992,952,1198,947,819,1291,683,848,683,629,682,613,736,707,1131,1009,730,764,672,682,642,669,952,951,1114,699,1020,731,583,685,659,816,763,868,728,591,697,801,796,823,1019,908,571,715,693,2010
S0201_001E,4802740,722718,6482505,2937979,37691912,5116796,3580709,907135,617996,19057542,9815210,1374810,1584985,12869259,6516922,3062309,2871238,4369356,4574836,1328188,5828289,6587536,9876187,5344861,2978512,6010688,998199,1842641,2723322,1318194,8821155,2082224,19465197,9656401,683932,11544951,3791508,3871859,12742886,1051302,4679230,824082,6403353,25674681,2817222,626431,8096604,6830038,1855364,5711767,568158,2011
S0201_038E,4686906,696365,6338579,2859046,36871518,5001327,3462553,882722,577940,18635836,9558759,1331912,1556034,12567547,6329995,2964197,2792143,4243477,4447404,1292643,5689902,6349092,9647118,5209467,2886549,5836654,969350,1791476,2687168,1278090,8634918,2039592,18879525,9399136,658876,11238646,3681563,3785214,12309480,1008639,4540063,790031,6249881,25093488,2771069,601102,7856815,6684920,1805982,5560531,554343,2011
S0201_090E,3193078,456862,4211223,1943427,24443872,3387310,2444403,611120,428261,13267581,6308961,939512,998460,8521694,4255459,2027201,1852094,2922350,2972737,942537,3915657,4502048,6588324,3560801,1912708,4008554,676793,1196112,1810960,914207,6004613,1354186,13197704,6399357,448145,7749236,2469196,2644754,8714235,712266,3110532,537588,4294392,16074391,1608668,434652,5418844,4583426,1294198,3831373,375608,2011
S0201_091E,17.3,8.2,14.3,16.2,18.9,9.8,10.9,13.0,12.8,14.1,15.7,9.4,11.4,12.8,12.7,9.4,10.0,16.9,17.5,9.1,11.1,10.8,11.2,8.0,18.9,12.4,7.7,9.0,16.0,8.6,11.9,16.8,15.0,15.3,9.3,11.7,13.7,10.6,11.4,15.2,15.8,9.4,15.8,18.9,9.7,8.2,12.2,9.9,15.8,9.6,8.0,2011
S0201_092E,30.9,28.1,24.6,35.7,21.1,22.4,27.7,31.6,17.7,30.4,29.3,28.5,27.5,27.6,35.5,33.1,27.9,34.1,34.5,33.4,25.8,25.9,30.8,26.9,30.2,31.4,30.5,29.0,29.2,29.3,29.4,26.6,27.5,27.3,26.9,34.8,31.4,25.1,37.5,26.4,30.7,31.4,33.4,25.5,23.7,30.2,25.6,23.8,41.6,33.1,30.8,2011
S0201_093E,29.6,37.3,34.5,27.8,29.7,31.2,25.2,26.6,17.0,29.7,27.4,33.0,35.8,28.6,28.8,31.8,32.0,27.9,26.9,29.2,26.2,24.2,32.4,32.7,31.0,30.1,33.5,34.0,32.3,28.7,23.4,31.1,24.6,30.5,37.5,28.9,31.1,35.0,24.1,27.2,29.4,32.8,27.2,29.1,36.9,26.2,27.1,34.4,24.1,30.8,36.5,2011
S0201_094E,13.9,16.9,17.1,13.1,19.2,23.3,20.5,17.1,23.3,16.5,17.7,19.2,17.5,19.3,14.8,17.7,19.7,12.3,14.0,17.9,20.4,22.3,15.7,21.8,12.6,16.4,19.6,18.9,14.9,21.0,22.0,14.4,18.7,17.8,19.3,15.4,16.0,18.4,16.6,18.8,15.6,18.2,15.3,17.7,20.1,21.4,20.5,20.2,11.7,17.4,16.5,2011
S0201_095E,8.4,9.5,9.5,7.2,11.1,13.4,15.7,11.7,29.2,9.3,9.8,9.9,7.8,11.7,8.2,8.1,10.4,8.8,7.1,10.5,16.5,16.8,9.9,10.5,7.3,9.7,8.6,9.1,7.6,12.4,13.3,11.1,14.2,9.2,7.0,9.2,7.8,10.9,10.4,12.3,8.4,8.1,8.3,8.7,9.7,14.0,14.6,11.7,6.8,9.0,8.3,2011
S0201_154E,3808975,554678,5044259,2301244,29530797,4020272,2874766,726737,523073,15545512,7601219,1102147,1200681,10141680,5103069,2421011,2225751,3456598,3583570,1089885,4642826,5359592,7865213,4210464,2310003,4759907,801174,1431287,2134503,1074254,7022123,1619737,15705551,7616397,550330,9166035,2956839,3108463,10323889,858706,3715023,644425,5082309,19455689,2020485,516096,6449833,5434028,1513146,4543816,446044,2011
S0201_155E,59.2,71.1,60.3,59.5,63.9,69.1,68.1,64.0,67.4,59.8,63.4,65.2,63.5,65.9,64.0,67.7,68.1,59.8,61.1,64.7,68.9,67.6,61.4,70.2,58.2,64.0,65.5,70.7,65.1,68.6,66.5,61.0,63.2,63.5,70.4,63.6,62.1,62.6,62.6,66.7,61.1,68.8,61.6,64.9,68.1,67.9,66.4,65.0,54.3,67.6,69.1,2011
S0201_157E,52.0,62.1,53.3,53.7,55.6,62.0,60.6,57.8,59.4,52.1,55.2,57.1,57.0,58.4,57.5,63.6,62.4,53.2,55.1,59.0,62.3,61.3,53.3,64.8,51.1,57.6,59.9,65.9,56.4,63.7,59.1,53.7,57.0,55.1,67.4,56.9,56.9,55.0,56.7,59.5,53.0,64.5,54.8,58.9,62.4,63.4,59.8,57.4,49.5,62.1,65.0,2011
S0201_158E,6.8,6.0,6.7,5.5,7.8,6.3,7.2,5.7,7.6,7.4,7.6,4.7,6.3,7.2,6.4,4.1,5.0,6.2,5.6,5.5,6.1,6.2,8.0,5.4,6.5,6.0,5.2,4.4,8.2,4.7,7.3,6.8,6.0,7.3,2.2,6.6,4.6,7.5,5.9,6.8,7.2,3.7,6.5,5.5,5.4,4.3,4.9,6.6,4.8,5.5,3.5,2011
S0201_161E,40.8,28.9,39.7,40.5,36.1,30.9,31.9,36.0,32.6,40.2,36.6,34.8,36.5,34.1,36.0,32.3,31.9,40.2,38.9,35.3,31.1,32.4,38.6,29.8,41.8,36.0,34.5,29.3,34.9,31.4,33.5,39.0,36.8,36.5,29.6,36.4,37.9,37.4,37.4,33.3,38.9,31.2,38.4,35.1,31.9,32.1,33.6,35.0,45.7,32.4,30.9,2011
S0201_213E,1844546,257330,2356055,1127621,12468743,1975388,1351643,333192,268670,7106283,3494542,448563,580193,4737208,2467111,1216765,1101701,1672134,1702030,552051,2134517,2532067,3772433,2096477,1080991,2341074,404250,723800,982352,516454,3167629,767285,7187938,3683364,283440,4538555,1442731,1516979,4937333,412259,1768834,323215,2467428,8850370,884253,257358,2990650,2632621,735408,2275352,222539,2011
S0201_214E,41415,67825,46709,38758,57287,55387,65753,58814,63124,44299,46007,61821,43341,53234,46438,49427,48964,41141,41734,46033,70004,62859,45981,56954,36919,45247,44222,50296,48927,62647,67458,41963,55246,43916,51704,45749,43225,46816,50228,53636,42367,48321,41693,49392,55869,52776,61882,56835,38482,50395,56322,2011
S0201_226E,1251795,173279,1543923,757205,8518518,1256471,893101,227101,114045,4559858,2376008,311789,398682,3098864,1641389,784895,722016,1119880,1118217,347960,1415576,1597920,2472884,1356466,740958,1534831,253131,470445,636981,349501,2191404,502498,4607636,2455564,175219,2915927,957855,956746,3193701,256181,1201688,210679,1625686,6171317,662478,161619,2010914,1699851,477809,1462927,142618,2011
S0201_227E,51991,75786,55328,48713,65476,69110,83106,69663,75603,53958,55001,74234,52814,65579,57148,62821,61947,51917,53601,58375,83823,80425,58068,71321,46304,56616,56217,63491,56544,76609,82255,51744,66852,54082,66924,58565,53742,58356,63283,69604,52240,62059,52273,58016,62809,66190,74500,68628,49693,63732,68629,2011
S0201_265E,1844546,257330,2356055,1127621,12468743,1975388,1351643,333192,268670,7106283,3494542,448563,580193,4737208,2467111,1216765,1101701,1672134,1702030,552051,2134517,2532067,3772433,2096477,1080991,2341074,404250,723800,982352,516454,3167629,767285,7187938,3683364,283440,4538555,1442731,1516979,4937333,412259,1768834,323215,2467428,8850370,884253,257358,2990650,2632621,735408,2275352,222539,2011
S0201_266E,69.9,63.1,63.7,66.6,54.9,64.4,67.4,71.6,41.2,66.7,64.6,56.8,68.7,67.3,69.7,72.4,67.8,68.9,66.4,71.0,67.3,62.1,71.7,72.8,69.8,68.0,67.9,66.9,56.3,71.5,65.0,68.2,53.6,66.5,65.7,67.0,67.0,60.8,69.5,60.6,69.2,68.5,67.3,62.9,69.4,71.3,67.3,62.8,72.3,67.9,70.6,2011
S0201_267E,30.1,36.9,36.3,33.4,45.1,35.6,32.6,28.4,58.8,33.3,35.4,43.2,31.3,32.7,30.3,27.6,32.2,31.1,33.6,29.0,32.7,37.9,28.3,27.2,30.2,32.0,32.1,33.1,43.7,28.5,35.0,31.8,46.4,33.5,34.3,33.0,33.0,39.2,30.5,39.4,30.8,31.5,32.7,37.1,30.6,28.7,32.7,37.2,27.7,32.1,29.4,2011
S0201_298E,1134,1794,1365,988,2182,1560,2052,1567,2224,1470,1371,2221,1212,1646,1091,1144,1252,1092,1176,1304,1961,2042,1275,1481,1048,1199,1256,1237,1529,1884,2397,1216,1977,1246,1155,1243,1108,1546,1408,1842,1175,1178,1172,1398,1418,1487,1707,1733,937,1402,1269,2011
S0201_299E,344,529,370,310,464,403,805,442,573,461,389,503,324,547,364,405,431,324,314,453,571,672,450,455,332,385,369,444,416,704,936,307,685,359,394,428,353,446,478,654,340,405,347,443,369,604,415,491,279,516,365,2011
S0201_304E,687,1049,850,639,1174,900,1021,960,1216,949,833,1308,689,859,707,643,709,626,747,747,1153,1034,739,787,689,708,650,673,936,939,1135,729,1058,745,626,692,675,840,786,875,741,612,715,813,822,849,1062,930,599,739,759,2011
S0201_001E,4822023,731449,6553255,2949131,38041430,5187582,3590347,917092,632323,19317568,9919945,1392313,1595728,12875255,6537334,3074186,2885905,4380415,4601893,1329192,5884563,6646144,9883360,5379139,2984926,6021988,1005141,1855525,2758931,1320718,8864590,2085538,19570261,9752073,699628,11544225,3814820,3899353,12763536,1050292,4723723,833354,6456243,26059203,2855287,626011,8185867,6897012,1855413,5726398,576412,2012
S0201_038E,4707169,704798,6403988,2867836,37225859,5071158,3473730,891972,592131,18892438,9655318,1348497,1566205,12576282,6348960,2973894,2806773,4254548,4474264,1293661,5743098,6398214,9656732,5242594,2892318,5847778,976286,1804311,2722648,1280614,8677714,2042883,18986309,9497151,674073,11236863,3704904,3812933,12335561,1008882,4584721,799339,6302883,25472904,2808879,600682,7942331,6755601,1805972,5578090,562613,2012
S0201_090E,3209646,464594,4280464,1949382,24779784,3444654,2457978,618612,439531,13503747,6403838,952281,1012786,8558895,4278945,2036993,1863224,2935461,3006605,947017,3972135,4556609,6621018,3600744,1911968,4023641,686770,1206908,1840642,919883,6049352,1360330,13309761,6489883,457904,7770716,2487456,2671772,8756317,712271,3151616,544292,4336473,16390379,1641335,434948,5504766,4645859,1296201,3854170,380942,2012
S0201_091E,16.0,8.0,14.3,15.2,18.5,9.4,10.1,11.5,11.4,13.5,15.0,9.6,10.2,12.4,12.4,8.4,9.8,16.2,17.0,8.4,10.9,10.3,10.8,7.5,17.7,12.0,7.2,9.5,15.1,8.2,11.7,15.6,14.7,14.8,8.3,11.2,13.3,10.1,11.1,13.9,15.1,9.5,14.9,18.6,9.0,8.3,12.1,9.6,15.5,9.3,8.3,2012
S0201_092E,31.3,28.0,24.3,35.2,20.6,21.8,27.8,31.5,18.4,29.8,28.3,28.3,27.7,27.0,35.3,32.3,27.3,34.1,34.3,34.8,26.1,25.9,30.6,26.4,30.6,31.6,29.7,27.7,28.8,29.4,28.7,26.5,26.9,27.1,28.0,34.6,31.6,25.1,36.8,27.9,29.8,32.7,33.1,25.2,23.1,30.5,25.3,23.7,40.6,32.4,30.4,2012
S0201_093E,29.4,35.9,34.1,28.6,30.0,31.3,25.0,27.4,17.2,29.9,28.5,32.1,36.6,28.9,28.8,33.0,32.5,27.9,26.8,28.9,26.1,24.4,32.6,32.9,31.1,29.9,33.7,33.8,33.7,27.8,23.3,31.8,25.0,30.7,35.8,29.0,31.3,34.9,24.3,26.8,30.0,31.6,27.8,29.5,37.2,25.4,27.2,35.0,25.3,31.2,36.6,2012
S0201_094E,14.7,17.1,17.2,13.8,19.6,23.8,20.5,18.1,23.0,17.3,17.8,19.6,17.3,19.7,15.0,18.1,19.5,12.9,14.4,18.1,20.0,22.2,16.0,22.4,13.0,16.7,20.2,19.3,14.8,21.9,22.5,14.9,19.0,18.0,19.6,16.0,15.8,18.6,17.0,18.7,16.0,18.1,15.7,17.7,20.3,21.9,20.6,20.3,11.4,17.9,16.9,2012
S0201_095E,8.6,10.9,10.2,7.2,11.3,13.7,16.6,11.4,30.0,9.6,10.4,10.5,8.2,12.0,8.4,8.2,10.9,8.9,7.5,9.8,16.9,17.1,10.0,10.8,7.6,9.7,9.2,9.7,7.5,12.6,13.8,11.2,14.4,9.3,8.4,9.3,7.9,11.3,10.9,12.8,9.1,8.1,8.6,9.0,10.4,13.9,14.9,11.3,7.3,9.3,7.8,2012
S0201_154E,3825109,564238,5110763,2312234,29884983,4085464,2893530,734481,533647,15784363,7692523,1122846,1216830,10169058,5126773,2430288,2242491,3470977,3603962,1096245,4697087,5416163,7897753,4242762,2320405,4776269,809850,1442595,2167405,1079792,7077678,1627551,15822629,7720907,561051,9196303,2975401,3136866,10366567,860108,3761993,652501,5131838,19828118,2054876,518107,6541339,5486401,1513215,4562954,453994,2012
S0201_155E,58.5,70.4,60.2,59.4,63.8,68.7,67.7,64.1,69.0,59.6,63.0,65.5,63.7,66.2,64.3,67.7,67.4,59.8,61.3,63.9,68.8,67.3,61.2,70.1,58.5,63.7,64.6,70.4,65.1,68.7,66.2,60.1,63.5,63.1,70.8,63.3,61.8,62.4,62.8,66.1,61.0,68.9,61.1,64.8,68.8,67.3,66.4,64.8,54.1,67.3,68.0,2012
S0201_157E,52.3,62.3,54.0,54.2,56.1,62.6,60.8,58.2,61.3,52.4,55.4,57.8,58.4,59.3,58.6,64.1,62.2,53.8,55.5,59.0,62.5,61.6,54.3,65.7,51.4,57.9,59.6,66.3,56.8,64.1,59.4,53.5,57.5,55.3,67.6,57.5,57.0,55.4,57.2,59.6,53.4,65.3,55.0,59.2,63.9,62.9,60.2,58.4,49.7,62.3,63.6,2012
S0201_158E,5.8,5.3,5.9,5.0,7.2,5.3,6.6,5.6,7.1,6.8,6.9,4.4,5.1,6.7,5.6,3.6,4.3,5.5,5.4,4.9,5.6,5.7,6.9,4.4,6.6,5.4,4.6,3.7,7.9,4.4,6.7,6.1,5.9,6.7,2.3,5.7,4.2,6.9,5.6,6.2,6.7,3.2,5.8,5.1,4.7,4.3,4.5,5.6,4.3,4.9,3.8,2012
S0201_161E,41.5,29.6,39.8,40.6,36.2,31.3,32.3,35.9,31.0,40.4,37.0,34.5,36.3,33.8,35.7,32.3,32.6,40.2,38.7,36.1,31.2,32.7,38.8,29.9,41.5,36.3,35.4,29.6,34.9,31.3,33.8,39.9,36.5,36.9,29.2,36.7,38.2,37.6,37.2,33.9,39.0,31.1,38.9,35.2,31.2,32.7,33.6,35.2,45.9,32.7,32.0,2012
S0201_213E,1845169,251651,2392168,1143859,12552658,1996088,1357812,340308,266662,7197943,3532908,447748,583106,4770194,2480077,1227048,1113911,1707004,1719473,554543,2157717,2522394,3819068,2111943,1090521,2359135,408938,733570,1006605,519137,3198799,764996,7238922,3731325,290944,4554672,1446667,1516957,4958249,413083,1787340,323765,2480090,8970959,895691,258520,3038967,2636817,741544,2288362,223513,2012
S0201_214E,41574,67712,47826,40112,58328,56765,67276,58415,66583,45040,47209,66259,45489,55137,46974,50957,50241,41724,42944,46709,71122,65339,46859,58906,37095,45321,45076,50723,49760,63280,69667,42558,56448,45150,53585,46829,44312,49161,51230,54554,43107,48362,42764,50740,57049,52977,61741,57573,40196,51059,54901,2012
S0201_226E,1233937,166400,1560687,758601,8585787,1278264,902369,225593,112493,4598222,2406226,309165,405908,3121020,1648172,796744,727171,1140771,1125659,346950,1437113,1598867,2482612,1374436,747620,1517231,259650,474564,650833,341718,2211642,501421,4587857,2472230,175380,2913312,957067,964892,3202089,257419,1204041,206668,1641665,6239195,666661,160878,2044422,1687786,471536,1461573,146745,2012
S0201_227E,52700,80219,56792,50300,66215,71083,85254,70655,82268,54777,56684,77447,54483,68705,58596,64122,62955,53012,54059,58689,85985,82977,59295,73511,45857,57274,59706,63442,56954,78524,84442,51449,68395,54995,70573,60088,54988,59476,65109,71293,52763,61505,53342,59765,64801,66047,74485,69937,51320,65154,68827,2012
S0201_265E,1845169,251651,2392168,1143859,12552658,1996088,1357812,340308,266662,7197943,3532908,447748,583106,4770194,2480077,1227048,1113911,1707004,1719473,554543,2157717,2522394,3819068,2111943,1090521,2359135,408938,733570,1006605,519137,3198799,764996,7238922,3731325,290944,4554672,1446667,1516957,4958249,413083,1787340,323765,2480090,8970959,895691,258520,3038967,2636817,741544,2288362,223513,2012
S0201_266E,68.8,63.4,62.6,66.2,54.0,64.0,66.9,70.8,41.5,65.6,63.7,56.9,68.4,66.6,69.4,71.9,66.4,67.0,65.7,71.4,66.5,62.2,71.1,71.4,68.2,67.5,67.1,66.3,54.9,70.9,65.1,67.7,53.7,65.4,65.0,66.3,66.4,61.6,68.9,60.0,68.1,67.1,66.7,62.3,69.6,71.0,66.2,62.3,72.0,67.3,69.0,2012
S0201_267E,31.2,36.6,37.4,33.8,46.0,36.0,33.1,29.2,58.5,34.4,36.3,43.1,31.6,33.4,30.6,28.1,33.6,33.0,34.3,28.6,33.5,37.8,28.9,28.6,31.8,32.5,32.9,33.7,45.1,29.1,34.9,32.3,46.3,34.6,35.0,33.7,33.6,38.4,31.1,40.0,31.9,32.9,33.3,37.7,30.4,29.0,33.8,37.7,28.0,32.7,31.0,2012
S0201_298E,1104,1831,1320,975,2119,1551,2027,1517,2262,1425,1331,2244,1174,1618,1069,1140,1250,1084,1148,1300,1918,2010,1233,1465,1031,1176,1233,1229,1433,1828,2342,1193,1967,1209,1205,1215,1111,1544,1382,1774,1155,1174,1143,1374,1396,1478,1670,1715,931,1376,1297,2012
S0201_299E,326,549,370,309,478,400,806,419,542,447,375,513,323,545,353,403,423,311,296,456,556,681,441,450,317,376,371,449,397,716,930,311,683,351,394,417,348,449,474,657,318,399,338,432,372,619,396,493,278,507,365,2012
S0201_304E,689,1120,888,640,1200,934,1019,960,1235,954,837,1379,702,868,715,661,711,636,747,744,1170,1036,748,813,666,706,681,692,944,967,1148,753,1079,756,644,700,686,862,798,878,754,651,730,831,851,860,1068,954,607,743,742,2012
S0201_001E,4833722,735132,6626624,2959373,38332521,5268367,3596080,925749,646449,19552860,9992167,1404054,1612136,12882135,6570902,3090416,2893957,4395295,4625470,1328302,5928814,6692824,9895622,5420380,2991207,6044171,1015165,1868516,2790136,1323459,8899339,2085287,19651127,9848060,723393,11570808,3850568,3930065,12773801,1051511,4774839,844877,6495978,26448193,2900872,626630,8260405,6971406,1854304,5742713,582658,2013
S0201_038E,4718690,708533,6479000,2878203,37526347,5150967,3477951,900545,606151,19126980,9731466,1360772,1582720,12582656,6382308,2990316,2814853,4269156,4497113,1292700,5787855,6446064,9669160,5284880,2896747,5869633,986368,1817080,2753821,1282588,8712717,2042164,19067316,9594066,696440,11258433,3740765,3842378,12343440,1010669,4635730,810863,6342054,25858349,2853641,601297,8018464,6830143,1804625,5595351,568641,2013
S0201_090E,3225447,462659,4344737,1960503,25147232,3514235,2465315,629730,453014,13726996,6472172,959903,1026889,8593665,4312892,2048270,1872445,2953653,3034973,953962,4018701,4604795,6645295,3629333,1931054,4047283,689169,1215208,1872884,924568,6086705,1361846,13419310,6568110,467815,7805254,2506437,2704043,8809510,719956,3198816,550959,4370035,16673656,1670449,436174,5561224,4706104,1294025,3879291,383914,2013
S0201_091E,15.5,8.4,14.1,15.6,18.3,9.5,10.3,11.7,9.9,13.2,14.5,9.0,10.6,12.2,12.4,8.4,9.9,15.9,16.9,8.2,10.9,10.1,10.6,7.6,17.6,11.3,7.3,9.8,14.8,7.2,11.5,15.7,14.4,14.3,8.5,11.0,13.3,10.3,10.8,14.1,14.4,8.4,14.4,18.1,8.5,8.5,11.6,9.9,15.4,9.1,6.5,2013
S0201_092E,31.0,27.9,24.8,35.3,20.8,21.7,27.3,31.2,18.6,29.5,28.6,27.4,27.4,27.0,34.3,32.7,26.6,33.1,33.6,33.8,25.7,25.9,29.7,26.3,30.6,31.5,29.1,27.1,28.4,29.3,28.8,26.5,26.8,26.5,27.5,34.2,32.3,24.3,36.4,26.6,29.4,31.3,32.9,25.2,22.9,30.6,24.8,23.3,40.2,32.0,28.4,2013
S0201_093E,30.0,35.8,33.7,28.5,29.8,31.1,25.1,27.3,16.4,30.2,28.6,32.4,35.7,28.7,29.5,32.4,32.4,28.4,27.0,29.8,26.1,23.7,32.9,32.6,31.4,30.2,34.6,33.8,34.2,28.9,23.2,31.3,24.7,30.8,36.9,28.7,30.6,34.8,24.1,26.8,30.2,33.7,27.9,29.1,37.3,25.1,27.4,34.1,25.4,31.2,38.5,2013
S0201_094E,14.8,18.2,17.1,13.4,19.5,23.8,20.6,17.2,22.7,17.6,17.8,20.8,18.0,19.8,15.2,18.1,20.0,13.3,14.9,18.1,20.3,22.5,16.4,22.4,12.9,16.9,19.7,19.6,15.1,21.9,22.6,15.0,19.3,18.4,20.0,16.4,16.1,19.3,17.5,19.8,16.6,18.9,15.6,18.3,20.9,21.4,21.1,20.9,11.3,18.4,17.8,2013
S0201_095E,8.7,9.8,10.3,7.2,11.5,14.0,16.6,12.6,32.4,9.7,10.6,10.4,8.2,12.4,8.6,8.4,11.1,9.3,7.6,10.1,17.1,17.8,10.5,11.1,7.5,10.0,9.3,9.8,7.5,12.6,14.0,11.4,14.8,9.9,7.2,9.7,7.7,11.5,11.2,12.6,9.5,7.6,9.2,9.3,10.5,14.3,15.1,11.8,7.6,9.4,8.8,2013
S0201_154E,3845555,565724,5191686,2325168,30209117,4154394,2908882,742125,545434,15996701,7779840,1128541,1229288,10205949,5158420,2448772,2251143,3491773,3635318,1100185,4739307,5472484,7923212,4279160,2333076,4798628,815994,1455098,2205776,1087554,7113632,1632274,15908545,7810152,578011,9226076,3000625,3168981,10376527,866805,3812758,656877,5168275,20168039,2096758,518747,6601767,5550461,1512727,4585045,458613,2013
S0201_155E,58.2,71.2,59.3,58.3,63.5,68.0,67.4,63.8,68.8,58.9,62.9,64.8,62.5,65.9,63.7,67.7,66.7,59.6,60.5,63.0,68.6,67.4,61.2,69.9,57.7,63.7,63.7,69.9,64.6,68.1,65.9,59.3,63.5,62.9,70.3,63.2,61.6,62.1,62.9,65.8,61.0,68.9,61.4,64.9,67.2,66.1,66.2,64.1,54.4,67.1,68.4,2013
S0201_157E,52.3,62.4,53.8,53.4,56.7,62.4,60.9,58.0,61.1,52.9,55.9,57.0,57.8,59.5,58.7,64.4,62.2,54.2,55.3,58.5,62.9,62.1,55.2,66.1,51.3,58.5,59.1,66.4,57.2,63.9,59.8,53.5,57.9,55.8,67.6,58.0,57.2,56.3,57.7,59.5,54.6,65.7,55.8,59.9,63.3,62.2,60.4,58.2,49.7,62.7,64.4,2013
S0201_158E,5.6,6.0,5.3,4.7,6.3,4.7,6.2,5.5,7.1,5.7,6.4,3.7,4.5,6.3,5.0,3.3,3.9,5.0,4.8,4.4,5.1,5.2,6.0,3.8,6.1,4.7,4.1,3.2,7.0,4.1,6.0,5.4,5.5,6.0,1.8,5.1,3.8,5.7,5.2,6.0,5.7,2.8,5.3,4.5,3.7,3.8,4.3,5.0,4.6,4.3,3.4,2013
S0201_161E,41.8,28.8,40.7,41.7,36.5,32.0,32.6,36.2,31.2,41.1,37.1,35.2,37.5,34.1,36.3,32.3,33.3,40.4,39.5,37.0,31.4,32.6,38.8,30.1,42.3,36.3,36.3,30.1,35.4,31.9,34.1,40.7,36.5,37.1,29.7,36.8,38.4,37.9,37.1,34.2,39.0,31.1,38.6,35.1,32.8,33.9,33.8,35.9,45.6,32.9,31.6,2013
S0201_213E,1822439,246015,2400809,1125899,12650592,2002800,1339860,339071,271651,7211584,3546965,450120,588489,4783421,2498395,1236209,1113729,1705623,1728149,547686,2161680,2536321,3832466,2119954,1091002,2362853,406288,730579,1002571,519246,3176139,753507,7219356,3757480,298298,4564745,1447277,1523799,4938894,406366,1794989,331406,2490249,9110853,899475,253234,3055863,2644557,738653,2289424,224003,2013
S0201_214E,42849,72237,48510,40511,60190,58823,67098,57846,67572,46036,47829,68020,46783,56210,47529,52229,50972,43399,44164,46974,72483,66768,48273,60702,37963,46931,46972,51440,51230,64230,70165,43872,57369,45906,55759,48081,45690,50251,52007,55902,44163,48947,44297,51704,59770,52578,62666,58405,41253,51467,58752,2013
S0201_226E,1222568,165431,1572310,751124,8645970,1279941,890293,228364,120467,4626388,2389803,311203,410061,3128369,1647941,793749,735596,1139596,1129437,338609,1443796,1620802,2484558,1372189,745079,1523085,256091,475000,639825,347272,2207108,482570,4584095,2474802,180213,2923404,956517,961197,3152234,259863,1195104,213838,1658071,6322542,677332,155933,2049184,1705112,479389,1458482,148556,2013
S0201_227E,54045,85385,57163,50415,68222,72043,85563,69394,72337,55774,57458,80316,56176,69557,59428,66684,64969,54690,55871,60141,87204,83813,60846,75112,47615,58754,60122,64763,59462,77646,85426,54565,70485,56111,73844,61030,56655,61767,66522,71608,54686,61299,54691,61208,67231,68382,75524,71371,51596,65618,71446,2013
S0201_265E,1822439,246015,2400809,1125899,12650592,2002800,1339860,339071,271651,7211584,3546965,450120,588489,4783421,2498395,1236209,1113729,1705623,1728149,547686,2161680,2536321,3832466,2119954,1091002,2362853,406288,730579,1002571,519246,3176139,753507,7219356,3757480,298298,4564745,1447277,1523799,4938894,406366,1794989,331406,2490249,9110853,899475,253234,3055863,2644557,738653,2289424,224003,2013
S0201_266E,68.0,63.5,62.1,65.7,53.8,64.5,66.3,71.7,40.7,64.8,62.7,56.2,69.4,65.9,68.5,70.8,66.1,67.4,66.0,70.2,66.5,61.5,70.6,71.6,67.2,67.0,66.9,66.0,54.3,70.2,64.0,67.9,53.7,64.3,64.8,66.1,65.5,60.8,68.9,60.4,68.2,67.2,66.4,61.8,69.2,71.0,65.6,61.9,72.3,67.2,69.1,2013
S0201_267E,32.0,36.5,37.9,34.3,46.2,35.5,33.7,28.3,59.3,35.2,37.3,43.8,30.6,34.1,31.5,29.2,33.9,32.6,34.0,29.8,33.5,38.5,29.4,28.4,32.8,33.0,33.1,34.0,45.7,29.8,36.0,32.1,46.3,35.7,35.2,33.9,34.5,39.2,31.1,39.6,31.8,32.8,33.6,38.2,30.8,29.0,34.4,38.1,27.7,32.8,30.9,2013
S0201_298E,1093,1746,1277,979,2059,1516,1986,1504,2236,1368,1288,2220,1142,1565,1062,1118,1241,1074,1166,1268,1867,1976,1207,1438,1021,1162,1259,1226,1361,1778,2296,1193,1956,1205,1207,1209,1094,1502,1373,1751,1144,1150,1138,1375,1377,1482,1645,1667,939,1352,1330,2013
S0201_299E,332,552,368,313,486,407,792,422,636,438,372,484,335,553,363,424,437,328,299,460,556,684,445,464,318,385,380,465,395,725,945,318,679,358,420,425,353,455,481,655,333,420,347,434,384,629,414,498,288,516,376,2013
S0201_304E,694,1117,890,659,1224,971,1040,999,1307,972,850,1414,725,885,730,679,745,668,763,760,1210,1077,768,832,708,734,690,714,952,995,1171,772,1109,778,690,709,705,887,828,918,766,637,748,857,881,865,1086,989,620,758,780,2013
S0201_001E,4849377,736732,6731484,2966369,38802500,5355866,3596677,935614,658893,19893297,10097343,1419561,1634464,12880580,6596855,3107126,2904021,4413457,4649676,1330089,5976407,6745408,9909877,5457173,2994079,6063589,1023579,1881503,2839099,1326813,8938175,2085572,19746227,9943964,739482,11594163,3878051,3970239,12787209,1055173,4832482,853175,6549352,26956958,2942902,626562,8326289,7061530,1850326,5757564,584153,2014
S0201_038E,4730907,708421,6580081,2884185,37985370,5238386,3478451,910104,618600,19461834,9835687,1375345,1604863,12580170,6407773,3007199,2824897,4283110,4521116,1294459,5836593,6497607,9683157,5322298,2897745,5888717,994692,1829402,2802541,1286290,8752648,2042422,19165049,9689977,712845,11283133,3767999,3883322,12356373,1013639,4695737,819194,6394755,26361103,2898247,601206,8085372,6920563,1800836,5608579,569896,2014
S0201_090E,3256766,465149,4436226,1968414,25654292,3584463,2471818,640343,463211,14041196,6576408,974586,1045193,8639076,4342916,2062734,1881521,2967181,3060688,959407,4062813,4654351,6680525,3672583,1950710,4076767,695850,1224701,1919598,931304,6127931,1373822,13539612,6661937,478850,7857460,2529885,2746957,8858865,725871,3260929,555488,4425073,17087888,1704734,438279,5623295,4784484,1296350,3898162,388962,2014
S0201_091E,15.3,7.1,13.9,14.7,17.9,9.5,9.9,11.0,9.8,12.8,14.4,8.3,9.9,11.8,11.6,7.9,9.7,15.5,16.4,8.3,10.4,10.3,10.1,7.4,17.2,11.1,7.4,9.7,14.9,7.8,10.9,15.8,14.3,13.6,7.8,10.6,12.7,10.3,10.6,14.2,13.9,8.3,14.2,17.8,8.6,8.0,11.5,9.6,14.8,8.6,7.4,2014
S0201_092E,31.6,28.4,24.3,34.9,20.9,21.9,27.5,31.2,18.2,29.6,28.4,28.5,28.2,26.7,34.3,31.7,26.5,33.8,33.8,32.3,25.7,24.9,29.7,25.7,30.0,31.4,30.6,27.2,28.2,28.6,28.2,26.4,26.6,26.6,27.9,33.9,31.7,24.3,36.4,28.7,30.3,30.6,33.3,25.2,23.0,30.7,24.6,22.8,41.1,31.9,27.4,2014
S0201_093E,29.7,36.5,34.2,29.1,29.5,30.3,24.5,27.2,17.0,30.4,28.2,32.2,36.9,28.7,29.5,32.7,32.3,28.4,26.9,30.0,25.7,23.6,32.9,32.6,31.7,30.0,32.7,33.5,33.8,28.6,23.5,31.4,24.7,31.1,36.9,28.8,31.4,34.6,24.1,26.6,29.5,33.3,27.2,29.2,37.3,26.5,27.2,34.5,24.9,31.0,38.6,2014
S0201_094E,14.7,18.4,17.3,13.8,20.0,24.1,21.3,18.3,24.3,17.4,18.2,20.6,16.8,20.1,15.7,18.6,20.3,13.0,15.2,19.4,20.7,23.2,16.5,22.7,13.0,17.1,19.5,20.2,15.2,21.7,23.1,15.1,19.6,18.6,19.8,16.6,16.0,19.2,17.5,18.1,16.7,20.0,16.2,18.2,20.8,20.9,20.9,21.0,11.8,18.9,17.9,2014
S0201_095E,8.8,9.6,10.3,7.5,11.8,14.3,16.7,12.3,30.6,9.8,10.8,10.5,8.3,12.7,8.9,9.0,11.3,9.2,7.8,10.0,17.5,18.0,10.8,11.6,8.0,10.4,9.8,9.3,7.9,13.3,14.3,11.4,14.9,10.1,7.6,10.1,8.1,11.6,11.4,12.3,9.6,7.8,9.1,9.6,10.3,14.0,15.9,12.1,7.4,9.5,8.7,2014
S0201_154E,3868747,569911,5290469,2343443,30704439,4238297,2919245,754226,555126,16308785,7881211,1143931,1250127,10240928,5192037,2463632,2259733,3509151,3655824,1102244,4775143,5520206,7957568,4318075,2338899,4827523,822974,1462485,2251404,1094383,7166696,1639468,16001813,7900178,589297,9262560,3029228,3210388,10405544,868108,3871752,665564,5222167,20605746,2130444,520279,6664581,5635461,1510708,4606827,461972,2014
S0201_155E,57.7,70.0,59.2,58.2,63.2,68.1,67.2,63.1,68.9,58.6,62.4,64.8,61.9,65.4,64.0,67.8,66.0,59.3,60.0,63.1,68.1,67.5,61.0,69.7,57.7,62.7,63.6,70.3,63.7,68.0,66.1,59.0,63.2,62.4,69.4,63.3,61.3,61.5,62.5,65.0,60.6,69.6,60.8,64.5,67.6,66.2,66.1,64.1,53.2,66.9,68.2,2014
S0201_157E,52.5,61.9,54.2,54.2,57.4,63.7,61.6,58.5,62.3,53.6,56.7,58.1,58.1,60.0,59.5,64.7,61.9,54.4,55.2,59.3,62.7,62.9,55.9,66.3,51.7,58.1,60.1,67.1,57.7,64.4,61.0,53.4,58.5,56.3,66.5,58.7,57.3,56.6,58.1,59.7,54.9,66.5,55.7,60.2,64.0,62.5,60.6,59.1,49.5,63.3,64.8,2014
S0201_158E,4.9,5.1,4.7,3.9,5.3,3.7,5.3,4.2,6.1,4.7,5.1,3.3,3.4,5.3,4.5,3.0,3.4,4.5,4.4,3.7,4.8,4.5,5.0,3.3,5.6,4.2,3.1,2.9,5.6,3.5,5.0,5.1,4.6,5.1,2.1,4.5,3.4,4.8,4.4,5.0,4.9,2.7,4.7,3.9,3.3,3.6,3.9,4.1,3.7,3.5,2.9,2014
S0201_161E,42.3,30.0,40.8,41.8,36.8,31.9,32.8,36.9,31.1,41.4,37.6,35.2,38.1,34.6,36.0,32.2,34.0,40.7,40.0,36.9,31.9,32.5,39.0,30.3,42.3,37.3,36.4,29.7,36.3,32.0,33.9,41.0,36.8,37.6,30.6,36.7,38.7,38.5,37.5,35.0,39.4,30.4,39.2,35.5,32.4,33.8,33.9,35.9,46.8,33.1,31.8,2014
S0201_213E,1841217,249659,2428743,1131288,12758648,2039592,1355817,349743,277378,7328046,3587521,450769,591587,4772421,2502739,1241471,1109280,1712094,1718194,549841,2165438,2549336,3834574,2129195,1095823,2354809,410962,740765,1021519,519756,3194844,760916,7282398,3790620,305431,4593172,1459759,1535511,4945972,409654,1826914,334475,2509665,9277197,918370,257229,3083820,2679601,735375,2307685,232594,2014
S0201_214E,42830,71583,50068,41262,61933,61303,70048,59716,71648,47463,49321,69592,47861,57444,49446,53712,52504,42958,44555,49462,73971,69160,49847,61481,39680,48363,46328,52686,51450,66532,71919,44803,58878,46556,59029,49308,47529,51075,53234,54891,45238,50979,44361,53035,60922,54166,64902,61366,41059,52622,57055,2014
S0201_226E,1232515,165015,1579481,752212,8762059,1315283,887263,233000,117864,4693411,2426392,314151,407499,3099184,1657223,801562,728602,1124586,1112659,344585,1445972,1610581,2485159,1369594,738463,1508816,251176,480317,642461,345901,2203675,489532,4621954,2492048,187800,2923523,966516,966250,3185054,257165,1201616,211235,1660344,6407165,691495,162017,2058820,1725099,472869,1485877,149032,2014
S0201_227E,53764,82307,59700,51528,71015,75405,88819,72594,84094,57212,58885,79187,58101,71796,60780,67771,66425,54776,56573,62078,89678,87951,62143,77941,50178,61299,60643,66120,60824,80581,88419,54705,71115,57380,75221,62300,58710,62670,67876,71212,56491,66936,55557,62830,69535,67154,78290,74193,52413,67187,72460,2014
S0201_265E,1841217,249659,2428743,1131288,12758648,2039592,1355817,349743,277378,7328046,3587521,450769,591587,4772421,2502739,1241471,1109280,1712094,1718194,549841,2165438,2549336,3834574,2129195,1095823,2354809,410962,740765,1021519,519756,3194844,760916,7282398,3790620,305431,4593172,1459759,1535511,4945972,409654,1826914,334475,2509665,9277197,918370,257229,3083820,2679601,735375,2307685,232594,2014
S0201_266E,67.7,62.5,61.1,65.8,53.7,63.9,66.4,70.3,40.6,64.1,62.2,56.7,68.0,65.5,68.6,70.9,66.6,66.1,64.4,71.3,65.9,61.6,70.2,71.7,67.7,66.9,66.4,65.9,53.6,70.2,63.3,66.9,53.0,64.2,63.8,65.3,65.1,60.7,68.8,58.8,68.0,68.2,66.1,61.2,69.2,70.0,65.3,61.7,72.2,66.6,66.9,2014
S0201_267E,32.3,37.5,38.9,34.2,46.3,36.1,33.6,29.7,59.4,35.9,37.8,43.3,32.0,34.5,31.4,29.1,33.4,33.9,35.6,28.7,34.1,38.4,29.8,28.3,32.3,33.1,33.6,34.1,46.4,29.8,36.7,33.1,47.0,35.8,36.2,34.7,34.9,39.3,31.2,41.2,32.0,31.8,33.9,38.8,30.8,30.0,34.7,38.3,27.8,33.4,33.1,2014
S0201_298E,1119,1797,1273,995,2068,1536,1994,1460,2194,1364,1285,2173,1138,1584,1082,1173,1256,1100,1178,1322,1903,2014,1217,1454,1079,1187,1251,1261,1331,1828,2313,1195,1982,1224,1267,1211,1143,1500,1400,1745,1164,1201,1167,1419,1393,1504,1664,1673,945,1373,1311,2014
S0201_299E,344,545,368,331,498,416,835,439,637,454,391,488,341,579,386,448,466,349,318,491,576,716,462,493,349,407,381,472,397,745,959,324,709,373,433,448,375,466,502,674,352,437,361,467,384,634,435,507,292,535,384,2014
S0201_304E,717,1183,916,683,1268,1020,1076,1024,1360,1003,882,1448,755,905,753,711,773,678,801,776,1242,1107,788,859,711,754,711,742,955,994,1202,777,1148,803,728,735,737,924,848,934,791,647,770,896,886,917,1116,1032,656,782,792,2014
S0201_001E,4858979,738432,6828065,2978204,39144818,5456574,3590886,945934,672228,20271272,10214860,1431603,1654930,12859995,6619680,3123899,2911641,4425092,4670724,1329328,6006401,6794422,9922576,5489594,2992333,6083672,1032949,1896190,2890845,1330608,8958013,2085109,19795791,10042802,756928,11613423,3911338,4028977,12802503,1056298,4896146,858469,6600299,27469114,2995919,626042,8382993,7170351,1844128,5771337,586107,2015
S0201_038E,4739380,710491,6673383,2894177,38323824,5340828,3473954,920351,632019,19840623,9954496,1387570,1624556,12560301,6431175,3022924,2832627,4296254,4542340,1293531,5866145,6542339,9695391,5355623,2898354,5908734,1004082,1843813,2854109,1288846,8772000,2042027,19221185,9790119,730327,11301278,3801365,3942015,12372146,1014660,4759614,824450,6446573,26868785,2948951,600603,8139181,7029357,1795940,5623145,571964,2015
S0201_090E,3282252,469523,4536954,1987819,26085263,3671853,2474718,652636,472884,14394281,6683767,985914,1065982,8661938,4363573,2074504,1888479,2988790,3095255,961240,4102486,4706644,6728347,3700935,1952337,4097212,706329,1232583,1968167,937214,6166384,1377548,13641473,6762644,492017,7896470,2557863,2804461,8895727,730083,3319832,563108,4473487,17472861,1741949,438654,5685318,4889314,1300347,3918997,388747,2015
S0201_091E,15.1,7.4,13.9,14.6,17.8,8.8,9.8,11.1,10.2,12.4,13.9,9.1,10.0,11.4,11.8,8.3,9.7,14.9,15.4,8.3,10.4,9.8,9.9,7.2,16.5,11.1,6.5,9.0,14.4,6.9,10.9,15.4,14.0,13.4,7.5,10.3,12.7,10.0,10.3,12.3,13.7,8.9,13.9,17.6,8.5,8.3,11.1,9.2,14.0,8.6,7.8,2015
S0201_092E,31.0,27.3,24.5,34.1,20.8,21.7,27.4,29.8,17.4,29.2,28.1,27.1,27.5,26.7,34.3,32.1,26.5,33.5,34.1,32.7,25.1,25.2,29.4,25.4,31.0,31.0,31.5,26.9,27.9,28.5,28.5,26.8,26.5,26.4,27.6,33.7,31.6,23.4,35.7,28.0,29.4,31.2,33.1,25.3,24.2,29.0,24.6,23.1,40.7,31.2,28.8,2015
S0201_093E,29.7,35.7,33.9,29.5,29.1,30.2,24.5,28.1,15.7,30.0,28.1,32.4,36.6,28.9,29.0,32.8,32.0,28.3,27.3,28.9,25.7,23.6,32.9,32.7,31.6,30.1,31.5,33.9,34.1,28.9,23.0,31.3,24.4,30.7,35.8,29.2,31.1,34.5,24.3,27.0,30.1,32.4,27.2,28.7,35.5,25.8,27.3,33.6,25.7,31.8,37.2,2015
S0201_094E,15.4,18.7,17.4,14.0,20.3,24.8,21.7,18.0,23.8,18.2,18.6,20.8,17.8,20.3,16.0,18.2,20.4,13.6,15.2,19.5,21.1,23.1,17.0,22.9,13.0,17.3,20.4,19.8,15.5,21.9,23.3,14.4,20.0,18.9,21.5,16.8,16.5,20.2,18.1,19.3,17.3,19.6,16.1,18.7,21.1,22.3,21.3,21.7,11.7,18.9,17.3,2015
S0201_095E,8.8,11.0,10.3,7.8,12.0,14.5,16.7,12.9,32.9,10.2,11.3,10.6,8.2,12.7,9.0,8.7,11.4,9.7,8.0,10.6,17.7,18.4,10.8,11.8,7.9,10.6,10.2,10.4,8.1,13.7,14.3,12.1,15.0,10.6,7.7,10.0,8.1,12.0,11.6,13.4,9.5,7.9,9.6,9.7,10.7,14.6,15.7,12.5,7.9,9.4,9.0,2015
S0201_154E,3878471,571393,5393214,2352507,31068647,4333738,2922877,765250,564206,16640196,7998548,1152884,1270851,10240058,5215392,2475140,2270108,3531385,3676681,1103834,4814546,5578648,7982332,4349038,2345713,4851761,829911,1476487,2292699,1102089,7193921,1642487,16066508,8011388,603014,9295255,3053371,3268296,10429005,870136,3931185,671301,5277935,21043248,2180281,521616,6721590,5741873,1508224,4627790,460730,2015
S0201_155E,56.9,70.5,58.8,57.6,63.0,68.0,66.7,62.5,69.8,58.4,62.6,65.5,62.3,65.2,63.6,67.5,66.3,58.8,60.1,62.2,67.3,67.1,61.0,69.9,56.9,63.1,62.3,69.4,63.5,67.8,65.2,58.4,63.2,61.9,70.0,63.2,61.3,61.8,62.5,64.6,60.1,68.1,61.0,64.3,67.7,65.4,66.0,63.7,52.9,66.9,67.8,2015
S0201_157E,52.6,62.1,54.5,54.0,58.1,63.8,61.8,58.5,64.0,54.0,57.6,58.6,58.6,60.5,59.8,64.6,62.4,54.6,55.4,58.7,63.0,63.1,56.5,67.0,51.4,59.4,59.0,66.8,58.1,64.7,60.8,53.6,59.0,56.8,67.1,59.1,57.4,57.6,58.6,60.3,55.1,65.1,56.8,60.3,64.9,62.9,60.7,59.2,49.0,64.0,64.1,2015
S0201_158E,4.1,5.3,4.0,3.3,4.6,3.5,4.6,3.6,5.0,4.1,4.4,3.0,3.3,4.5,3.7,2.8,3.0,3.8,4.2,3.3,3.7,3.9,4.4,2.9,5.0,3.3,2.8,2.2,5.0,2.9,4.3,4.3,4.1,4.2,1.8,4.0,3.3,4.2,3.9,4.0,4.3,2.7,3.8,3.5,2.7,2.5,3.5,3.8,3.9,2.8,3.3,2015
S0201_161E,43.1,29.5,41.2,42.4,37.0,32.0,33.3,37.5,30.2,41.6,37.4,34.5,37.7,34.8,36.4,32.5,33.7,41.2,39.9,37.8,32.7,32.9,39.0,30.1,43.1,36.9,37.7,30.6,36.5,32.2,34.8,41.6,36.8,38.1,30.0,36.8,38.7,38.2,37.5,35.4,39.9,31.9,39.0,35.7,32.3,34.6,34.0,36.3,47.1,33.1,32.2,2015
S0201_213E,1846390,250185,2463008,1144663,12896357,2074735,1343703,352595,281787,7463184,3656407,445936,597421,4794523,2515143,1247249,1111582,1716168,1737908,545226,2177934,2559951,3858532,2147262,1104371,2374180,414804,744159,1042065,517615,3187963,761797,7233694,3843745,313475,4606655,1465951,1553205,4956037,407484,1857768,339437,2530260,9421412,930980,254865,3106895,2728573,734536,2319538,228937,2015
S0201_214E,44765,73355,51492,41995,64500,63909,71346,61255,75628,49426,51244,73486,48275,59588,50532,54736,53906,45215,45727,51494,75847,70628,51084,63488,40593,50238,49509,54996,52431,70303,72222,45382,60850,47830,60557,51075,48568,54148,55702,58073,47238,53017,47275,55653,62912,56990,66262,64129,42019,55638,60214,2015
S0201_226E,1213540,163800,1598414,761494,8835906,1331861,876188,235385,125178,4806611,2466415,309386,400347,3099463,1633695,796799,720780,1131839,1108586,342926,1454839,1613404,2479724,1383950,743154,1519299,253101,469797,659355,341473,2205886,485404,4561118,2506215,188210,2922095,969588,978396,3204295,250262,1220885,217013,1675678,6520909,693181,152379,2054857,1760593,471947,1469666,145470,2015
S0201_227E,57160,86376,61042,52449,73581,78384,91388,74931,94846,59339,61250,83823,60081,73884,63165,69382,69401,56187,58964,64651,91567,90590,63893,79893,50069,62989,64061,71039,63206,85873,90245,56207,73854,60074,79642,65176,60215,66287,70194,76623,59282,67643,57830,65316,71594,75595,80403,76954,53463,70870,75540,2015
S0201_265E,1846390,250185,2463008,1144663,12896357,2074735,1343703,352595,281787,7463184,3656407,445936,597421,4794523,2515143,1247249,1111582,1716168,1737908,545226,2177934,2559951,3858532,2147262,1104371,2374180,414804,744159,1042065,517615,3187963,761797,7233694,3843745,313475,4606655,1465951,1553205,4956037,407484,1857768,339437,2530260,9421412,930980,254865,3106895,2728573,734536,2319538,228937,2015
S0201_266E,67.9,63.9,61.9,65.2,53.6,63.7,66.2,70.8,39.9,63.8,61.8,56.6,69.0,65.3,68.2,70.7,66.4,66.3,64.6,71.0,65.9,61.7,70.4,70.9,67.4,66.1,66.7,65.9,54.0,70.9,63.0,67.5,53.1,63.9,61.7,65.4,65.3,61.1,68.7,59.0,68.1,68.2,65.8,61.1,68.9,70.7,65.0,62.4,72.3,66.8,68.0,2015
S0201_267E,32.1,36.1,38.1,34.8,46.4,36.3,33.8,29.2,60.1,36.2,38.2,43.4,31.0,34.7,31.8,29.3,33.6,33.7,35.4,29.0,34.1,38.3,29.6,29.1,32.6,33.9,33.3,34.1,46.0,29.1,37.0,32.5,46.9,36.1,38.3,34.6,34.7,38.9,31.3,41.0,31.9,31.8,34.2,38.9,31.1,29.3,35.0,37.6,27.7,33.2,32.0,2015
S0201_298E,134100,259600,194300,120700,449100,283800,270900,240200,551300,179800,159300,566900,176300,180300,131000,136100,141200,130000,155600,180300,299800,352100,137500,200000,112700,147800,209500,141600,221400,244500,322600,164100,293500,160100,180900,136400,126800,264100,170600,241000,148600,152800,150600,152000,234600,223700,257800,284000,112100,168300,212500,2015
S0201_299E,1124,1817,1319,1029,2123,1558,2020,1506,2312,1394,1299,2248,1170,1588,1089,1170,1279,1089,1219,1340,1909,2048,1220,1459,1083,1200,1316,1269,1396,1828,2349,1214,2009,1234,1297,1228,1159,1534,1414,1730,1168,1225,1167,1453,1408,1530,1692,1704,972,1359,1364,2015
S0201_304E,525412,83117,889617,361300,5791091,727840,436615,96117,163821,2581105,1317775,181861,172157,1592982,756595,341503,352021,524356,544128,146354,713136,942501,1079747,597875,313250,754782,125560,238274,464472,144478,1134300,229566,3266423,1290673,112531,1512713,461759,577469,1461555,160923,537909,99981,799206,3472961,275228,69352,1029623,984398,172194,736085,65481,2015
S0201_001E,,,,,,,,,,,,,,,,,,,,,,,,,,,,,,,,,,,,,,,,,,,,,,,,,,,,2016
S0201_038E,,,,,,,,,,,,,,,,,,,,,,,,,,,,,,,,,,,,,,,,,,,,,,,,,,,,2016
S0201_090E,,,,,,,,,,,,,,,,,,,,,,,,,,,,,,,,,,,,,,,,,,,,,,,,,,,,2016
S0201_091E,,,,,,,,,,,,,,,,,,,,,,,,,,,,,,,,,,,,,,,,,,,,,,,,,,,,2016
S0201_092E,,,,,,,,,,,,,,,,,,,,,,,,,,,,,,,,,,,,,,,,,,,,,,,,,,,,2016
S0201_093E,,,,,,,,,,,,,,,,,,,,,,,,,,,,,,,,,,,,,,,,,,,,,,,,,,,,2016
S0201_094E,,,,,,,,,,,,,,,,,,,,,,,,,,,,,,,,,,,,,,,,,,,,,,,,,,,,2016
S0201_095E,,,,,,,,,,,,,,,,,,,,,,,,,,,,,,,,,,,,,,,,,,,,,,,,,,,,2016
S0201_154E,,,,,,,,,,,,,,,,,,,,,,,,,,,,,,,,,,,,,,,,,,,,,,,,,,,,2016
S0201_155E,,,,,,,,,,,,,,,,,,,,,,,,,,,,,,,,,,,,,,,,,,,,,,,,,,,,2016
S0201_157E,,,,,,,,,,,,,,,,,,,,,,,,,,,,,,,,,,,,,,,,,,,,,,,,,,,,2016
S0201_158E,,,,,,,,,,,,,,,,,,,,,,,,,,,,,,,,,,,,,,,,,,,,,,,,,,,,2016
S0201_161E,,,,,,,,,,,,,,,,,,,,,,,,,,,,,,,,,,,,,,,,,,,,,,,,,,,,2016
S0201_213E,,,,,,,,,,,,,,,,,,,,,,,,,,,,,,,,,,,,,,,,,,,,,,,,,,,,2016
S0201_214E,,,,,,,,,,,,,,,,,,,,,,,,,,,,,,,,,,,,,,,,,,,,,,,,,,,,2016
S0201_226E,,,,,,,,,,,,,,,,,,,,,,,,,,,,,,,,,,,,,,,,,,,,,,,,,,,,2016
S0201_227E,,,,,,,,,,,,,,,,,,,,,,,,,,,,,,,,,,,,,,,,,,,,,,,,,,,,2016
S0201_265E,,,,,,,,,,,,,,,,,,,,,,,,,,,,,,,,,,,,,,,,,,,,,,,,,,,,2016
S0201_266E,,,,,,,,,,,,,,,,,,,,,,,,,,,,,,,,,,,,,,,,,,,,,,,,,,,,2016
S0201_267E,,,,,,,,,,,,,,,,,,,,,,,,,,,,,,,,,,,,,,,,,,,,,,,,,,,,2016
S0201_298E,,,,,,,,,,,,,,,,,,,,,,,,,,,,,,,,,,,,,,,,,,,,,,,,,,,,2016
S0201_299E,,,,,,,,,,,,,,,,,,,,,,,,,,,,,,,,,,,,,,,,,,,,,,,,,,,,2016
S0201_304E,,,,,,,,,,,,,,,,,,,,,,,,,,,,,,,,,,,,,,,,,,,,,,,,,,,,2016
S0201_001E,4874747,739795,7016270,3004279,39536653,5607154,3588184,961939,693972,20984400,10429379,1427538,1716943,12802023,6666818,3145711,2913123,4454189,4684333,1335907,6052177,6859819,9962311,5576606,2984100,6113532,1050493,1920076,2998039,1342795,9005644,2088070,19849399,10273419,755393,11658609,3930864,4142776,12805537,1059639,5024369,869666,6715984,28304596,3101833,623657,8470020,7405743,1815857,5795483,579315,2017
S0201_038E,4755774,712250,6861127,2919337,38718791,5487865,3473646,936905,654037,20556254,10170586,1383103,1686997,12501248,6479554,3045708,2832963,4322206,4554744,1299627,5911516,6609225,9732455,5444571,2891156,5938665,1021690,1868061,2959799,1300312,8822571,2045105,19273248,10006648,729250,11341139,3821366,4053223,12382049,1017715,4887882,835682,6561260,27698085,3054272,598604,8227726,7262753,1768425,5649584,565182,2017
S0201_090E,3309607,481561,4711362,2008398,26679273,3822068,2493854,673686,494614,15020177,6896026,997744,1111788,8707057,4435317,2093909,1904528,3018953,3120277,971740,4167604,4788573,6819310,3778416,1959341,4150275,723666,1259254,2063180,958005,6234538,1391475,13821132,6991185,495904,7981885,2586414,2901195,8960842,736969,3443851,574559,4588453,18149346,1827035,439267,5779221,5101968,1279350,3958231,387700,2017
S0201_091E,13.5,8.3,12.8,13.3,16.7,8.4,9.6,9.4,9.8,11.6,13.0,7.7,9.2,10.9,11.4,7.9,9.0,13.7,14.9,7.7,10.1,9.2,9.1,6.9,15.6,10.3,7.0,8.7,13.2,6.9,10.1,13.9,13.4,12.2,7.1,9.7,11.9,9.0,9.4,11.7,12.6,8.3,12.2,16.4,7.9,7.4,10.3,8.7,12.9,7.6,7.1,2017
S0201_092E,31.1,27.6,24.1,34.0,20.8,21.3,27.1,32.4,17.2,28.8,28.1,28.1,28.2,26.1,32.7,30.5,25.8,33.0,34.0,30.9,24.5,24.3,28.9,24.8,30.4,30.8,28.1,26.3,28.7,28.0,27.2,26.6,26.3,25.8,26.4,33.3,31.1,23.2,35.0,29.9,29.5,30.8,32.4,25.1,22.3,29.0,24.2,22.1,41.2,30.7,29.6,2017
S0201_093E,29.9,35.2,33.7,29.3,28.9,29.1,24.6,26.7,15.7,29.9,28.1,31.2,35.9,28.6,29.1,32.6,31.5,29.3,27.3,29.3,25.8,23.1,32.9,32.2,32.1,29.9,32.6,33.4,33.2,28.1,23.0,32.4,24.3,30.7,35.8,29.0,31.4,34.0,24.2,24.9,29.9,32.8,28.0,29.0,35.2,25.3,26.9,33.7,25.7,31.3,35.7,2017
S0201_094E,16.0,18.0,18.3,15.0,21.1,26.0,21.4,18.0,23.9,18.9,19.0,21.7,18.2,21.0,17.0,19.4,21.2,14.0,15.5,19.9,21.3,23.9,17.6,23.5,13.5,17.9,21.7,20.9,16.5,22.6,24.2,15.2,20.2,20.1,21.8,17.3,16.9,21.0,18.9,20.3,17.6,19.1,17.2,19.3,22.8,22.5,22.0,22.2,12.2,19.8,17.4,2017
S0201_095E,9.6,10.8,11.0,8.4,12.6,15.2,17.3,13.5,33.4,10.8,11.9,11.2,8.5,13.4,9.8,9.5,12.6,9.9,8.3,12.1,18.3,19.5,11.5,12.5,8.3,11.1,10.6,10.8,8.4,14.3,15.6,11.8,15.8,11.2,9.0,10.6,8.6,12.7,12.5,13.1,10.4,9.0,10.1,10.3,11.8,15.8,16.7,13.3,8.0,10.6,10.3,2017
S0201_154E,3906384,573196,5571583,2375324,31510759,4488813,2937891,781963,579654,17280632,8196727,1153457,1328549,10249521,5275305,2498697,2279858,3553101,3699819,1114189,4855374,5660731,8052502,4422835,2351836,4885700,846678,1496751,2390188,1118608,7265350,1654690,16178211,8248651,599020,9366669,3075002,3370795,10459220,877959,4049809,679688,5385691,21761733,2278695,519579,6813344,5939508,1485052,4662901,456056,2017
S0201_155E,56.5,68.0,59.9,58.0,63.7,68.2,65.7,59.3,70.5,58.4,63.3,65.3,62.1,65.0,63.4,67.3,66.5,59.3,58.9,63.0,67.9,66.7,61.5,69.5,56.5,63.0,63.8,70.1,63.7,67.9,65.4,56.8,63.2,62.4,71.2,62.9,61.0,62.4,62.4,65.4,60.4,67.9,61.5,64.3,68.7,65.4,65.7,64.6,52.4,66.3,66.0,2017
S0201_157E,52.9,60.2,56.1,54.6,59.5,64.6,61.4,55.8,65.3,54.9,59.1,59.0,59.2,60.8,60.4,64.8,63.0,55.6,54.7,60.3,63.8,63.6,57.8,66.9,52.2,59.8,61.3,67.4,59.6,65.1,61.8,52.6,59.6,58.0,67.9,59.6,57.2,59.1,59.0,61.3,56.1,65.1,58.1,60.7,66.0,62.8,61.1,60.6,48.8,63.9,61.9,2017
S0201_158E,3.3,4.9,3.5,3.2,3.7,2.8,4.0,3.1,4.6,3.2,3.6,2.6,2.6,4.0,3.0,2.4,2.8,3.2,3.8,2.6,3.5,3.0,3.6,2.5,3.9,2.9,2.2,2.3,3.8,2.6,3.5,3.7,3.5,3.2,2.1,3.2,3.2,3.2,3.3,3.7,3.5,2.4,3.0,3.3,2.4,2.5,2.9,3.1,3.5,2.3,3.4,2017
S0201_161E,43.5,32.0,40.1,42.0,36.3,31.8,34.3,40.7,29.5,41.6,36.7,34.7,37.9,35.0,36.6,32.7,33.5,40.7,41.1,37.0,32.1,33.3,38.5,30.5,43.5,37.0,36.2,29.9,36.3,32.1,34.6,43.2,36.8,37.6,28.8,37.1,39.0,37.6,37.6,34.6,39.6,32.1,38.5,35.7,31.3,34.6,34.3,35.4,47.6,33.7,34.0,2017
S0201_213E,1841665,250741,2552972,1153082,13005097,2139207,1356762,357937,281475,7689964,3745074,458078,625135,4808672,2557299,1257505,1128983,1725034,1737123,540959,2207343,2604954,3930017,2162211,1091980,2385135,423091,754490,1094613,528700,3218798,767705,7304332,3955069,316306,4667192,1470364,1603635,5008751,408748,1905100,344260,2588655,9623874,975448,256629,3120880,2840377,715308,2350293,225796,2017
S0201_214E,48123,73181,56581,45869,71805,69117,74168,62852,82372,52594,56183,77765,52225,62992,54181,58570,56422,48375,46145,56277,80776,77385,54909,68388,43529,53578,53386,59970,58003,73381,80088,46744,64894,52752,61843,54021,50051,60212,59195,63870,50570,56521,51340,59206,68358,57513,71535,70979,43469,59305,60434,2017
S0201_226E,1203689,167401,1652325,754699,8910617,1366807,877293,235795,119357,4943506,2525783,320336,419774,3083543,1660102,794614,733649,1129828,1107245,330106,1469830,1652214,2518003,1388742,716451,1527260,262726,484989,700449,346213,2235231,479092,4620008,2590180,190217,2951170,964144,1010975,3177289,251811,1253260,213402,1707488,6696061,723175,153648,2091237,1833793,461542,1478375,145719,2017
S0201_227E,61512,86831,67886,57421,82009,84918,93870,77082,106528,64003,67983,91460,64178,79168,68085,75076,72057,61593,60510,72177,98393,98758,69664,86416,55937,67317,68994,75112,68276,91029,97300,58308,80114,65964,81869,69632,61471,73202,75949,84557,62432,73236,62926,70136,77940,74426,86279,84594,56086,75413,74868,2017
S0201_265E,1841665,250741,2552972,1153082,13005097,2139207,1356762,357937,281475,7689964,3745074,458078,625135,4808672,2557299,1257505,1128983,1725034,1737123,540959,2207343,2604954,3930017,2162211,1091980,2385135,423091,754490,1094613,528700,3218798,767705,7304332,3955069,316306,4667192,1470364,1603635,5008751,408748,1905100,344260,2588655,9623874,975448,256629,3120880,2840377,715308,2350293,225796,2017
S0201_266E,68.0,63.5,64.7,65.3,54.8,65.2,66.2,70.9,42.2,65.2,62.9,58.5,69.7,66.2,69.0,71.6,65.9,66.5,65.2,73.2,66.7,62.3,71.3,71.6,68.5,67.0,69.2,66.3,56.6,69.8,63.8,67.9,53.8,65.4,63.4,65.8,65.5,62.8,68.3,60.8,68.7,67.7,65.4,62.0,69.9,69.5,66.6,62.8,72.5,66.6,70.8,2017
S0201_267E,32.0,36.5,35.3,34.7,45.2,34.8,33.8,29.1,57.8,34.8,37.1,41.5,30.3,33.8,31.0,28.4,34.1,33.5,34.8,26.8,33.3,37.7,28.7,28.4,31.5,33.0,30.8,33.7,43.4,30.2,36.2,32.1,46.2,34.6,36.6,34.2,34.5,37.2,31.7,39.2,31.3,32.3,34.6,38.0,30.1,30.5,33.4,37.2,27.5,33.4,29.2,2017
S0201_298E,141300,273100,223400,128500,509400,348900,273100,252800,607200,214000,173700,617400,207100,195300,141100,149100,150600,141000,162500,191200,312500,385400,155700,224000,120200,156700,231300,155800,258200,263600,334900,171300,314500,171200,194700,144200,137400,319200,181200,257800,161800,167600,167500,172200,275100,226300,273400,339000,119800,178900,214300,2017
S0201_299E,1123,1844,1365,1025,2269,1681,1976,1507,2432,1423,1341,2337,1213,1603,1089,1205,1314,1123,1233,1313,1915,2108,1231,1500,1090,1207,1367,1334,1428,1874,2348,1244,2036,1242,1356,1214,1183,1629,1438,1782,1195,1283,1184,1513,1467,1527,1718,1806,984,1358,1386,2017
S0201_304E,525186,84396,859557,365461,5697421,717989,439295,99986,158550,2565527,1321593,177512,177724,1558423,747371,335444,365853,524986,539054,133662,709705,951688,1070220,590552,300261,739845,119850,239436,462895,154201,1129441,224577,3255748,1280412,107867,1516601,463286,573421,1491279,154825,545954,104764,828612,3486567,281943,73452,990189,1013454,166391,751576,59964,2017
S0201_001E,4887871,737438,7171646,3013825,39557045,5695564,3572665,967171,702455,21299325,10519475,1420491,1754208,12741080,6691878,3156145,2911510,4468402,4659978,1338404,6042718,6902149,9995915,5611179,2986530,6126452,1062305,1929268,3034392,1356458,8908520,2095428,19542209,10383620,760077,11689442,3943079,4190713,12807060,1057315,5084127,882235,6770010,28701845,3161105,626299,8517685,7535591,1805832,5813568,577737,2018
S0201_038E,4770428,710666,7012204,2929598,38731195,5574416,3459421,942211,662826,20868964,10254913,1376737,1724047,12444301,6504226,3057213,2831878,4336705,4530479,1302568,5902271,6653753,9769646,5479901,2888470,5952011,1033340,1878153,2996777,1313916,8726407,2052505,18969261,10108186,734993,11373848,3832980,4102360,12385066,1016084,4948304,848192,6613418,28101594,3112996,600590,8273128,7392406,1757916,5668832,563530,2018
S0201_090E,3337464,485353,4840304,2021939,26815644,3900287,2493396,679700,500176,15302125,6978172,995589,1143747,8706376,4467893,2104792,1911426,3039414,3125733,983382,4167339,4832728,6869846,3809229,1977283,4182787,735761,1266440,2096574,970748,6189243,1416481,13672343,7102144,500779,8027035,2607613,2952380,8994627,740695,3492355,582850,4640823,18477097,1871902,445824,5822007,5215063,1280781,3992022,393136,2018
S0201_091E,13.4,6.7,12.5,12.8,16.2,8.1,9.1,10.2,7.9,11.5,12.4,8,9.1,10.5,11,7.7,9,13.2,14.2,7,9.5,9.2,8.9,6.6,14.6,9.5,6.1,8.6,13.1,6.9,9.8,14.6,12.9,11.8,7.7,9.3,11.6,9.5,9,10.9,11.6,7.7,12.2,16,7.6,6.5,10.1,8.4,12.2,7.9,6.7,2018
S0201_092E,30.8,28.3,24,34,20.7,20.8,26.9,33.2,16.6,28.7,27.8,26.8,27.8,26.1,33.1,30.8,25.4,32.6,34.3,31.4,24.2,23.3,28.7,24.2,29.8,30.4,27.9,25.8,27.7,27.7,26.3,26.1,25.9,25.4,25.9,32.7,31.3,22.2,34.6,28.4,29.9,31,31.8,25,22.6,28.6,24,21.7,39.7,30.6,28.8,2018
S0201_093E,30.3,34.9,33.8,29.9,28.8,29.4,24.5,25.3,15.1,29.4,27.9,31.7,35.4,28.4,28.8,32.4,31.8,29.4,27.3,30.1,25.5,22.9,32.8,32.5,32.4,30.6,34.2,33.2,34.3,28.6,23.1,31.6,24,30.9,36.8,29,31.5,34.3,24.5,26.3,30.2,32,28.5,28.6,34.9,26.2,26.5,33.2,26.8,31.5,37.6,2018
S0201_094E,16.1,18.5,18.6,14.7,21.3,26,21.8,18.3,25.9,19.1,19.5,22,18.7,21.1,17.3,19.6,21.1,14.5,15.9,20.1,21.9,24.4,18,24.2,14.4,18,20.7,21.3,16.2,22.4,24.8,15.7,20.8,20.5,22.1,17.8,16.7,21,19.2,19.9,18,20.2,17.3,19.6,22.8,23.1,22.3,22.8,12.8,19.4,16.9,2018
S0201_095E,9.5,11.7,11.2,8.6,12.9,15.7,17.8,13.1,34.5,11.3,12.3,11.5,9,14,9.8,9.4,12.8,10.3,8.4,11.4,18.9,20.1,11.5,12.5,8.8,11.5,11,11.1,8.7,14.5,16,12,16.4,11.4,7.6,11.1,9,12.9,12.7,14.5,10.4,9,10.2,10.7,12,15.6,17.1,13.9,8.5,10.6,10,2018
S0201_154E,3930579,572880,5714007,2389608,31575203,4570149,2933506,788299,586358,17561780,8312043,1147756,1357737,10216304,5303153,2506580,2284670,3572054,3682861,1120239,4852950,5703665,8092018,4451949,2362681,4907003,857868,1506189,2420990,1129682,7183569,1673778,15945017,8352567,601874,9407612,3089116,3417703,10470798,881487,4105778,690183,5431337,22117923,2329530,525088,6857913,6052827,1487470,4693498,460122,2018
S0201_155E,56.8,67.9,59.8,57.9,63.9,68.7,66,62.1,70.7,58.7,63.1,65.6,62.1,65.4,64,66.9,66.3,59.3,58.9,62.9,67.7,66.8,61.5,69.2,56.6,62.5,63.6,69.1,63.6,67,65.8,56.2,62.9,62.4,69.6,63.1,61.2,62.6,62.8,63.8,60.3,68.2,61.3,64.5,68.1,65.7,65.4,64.6,53,66,65.8,2018
S0201_157E,53.3,60.4,56.3,55.1,60,65.3,62.1,58.2,65,55.4,59.6,59.7,59.4,61.6,61.1,64.5,63.1,55.9,54.7,60.6,63.7,63.5,58.2,66.8,52.1,59.5,61,66.3,59.7,64.5,62.5,52.3,59.6,58.3,66.6,59.9,58,59.4,59.7,59.8,56.4,65.7,57.7,61,65.8,63,61,61,49.9,63.8,62.5,2018
S0201_158E,3.2,4.4,3.2,2.6,3.5,2.7,3.6,3.5,5.3,3,3,2.4,2.5,3.6,2.8,2.4,2.5,3.1,3.7,2.2,3.3,3.2,3.3,2.4,4,2.6,2.2,2.4,3.5,2.4,3.2,3.4,3.1,3.1,1.9,3.1,2.6,3.1,3.1,3.5,3.1,2,3.4,3.1,2.2,2.5,2.7,2.7,3.1,2.1,2.5,2018
S0201_161E,43.2,32.1,40.2,42.1,36.1,31.3,34,37.9,29.3,41.3,36.9,34.4,37.9,34.6,36,33.1,33.7,40.7,41.1,37.1,32.3,33.2,38.5,30.8,43.4,37.5,36.4,30.9,36.4,33,34.2,43.8,37.1,37.6,30.4,36.9,38.8,37.4,37.2,36.2,39.7,31.8,38.7,35.5,31.9,34.3,34.6,35.4,47,34,34.2,2018
S0201_213E,1855184,254551,2614298,1156347,13072122,2176757,1378091,367671,287476,7809358,3803012,455309,640270,4864864,2599169,1267873,1133408,1732713,1737220,570307,2215935,2624294,3957466,2194452,1108630,2434806,431421,765490,1129810,531212,3249567,794093,7367015,4011462,319355,4685447,1485310,1639970,5070931,406573,1927991,345449,2603140,9776083,998891,261373,3175524,2895575,734703,2371960,230252,2018
S0201_214E,49861,74346,59246,47062,75277,71953,76348,64805,85203,55462,58756,80212,55583,65030,55746,59955,58218,50247,47905,55602,83242,79835,56697,70315,44717,54478,55328,59566,58646,74991,81740,47169,67844,53855,63837,56111,51924,63426,60905,64340,52306,56274,52375,60629,71414,60782,72577,74073,44097,60773,61584,2018
S0201_226E,1214794,167527,1713006,769134,8934621,1372705,891935,238399,121529,5026515,2537406,316849,437765,3119101,1683176,800329,726748,1138927,1104847,342542,1472372,1644205,2520001,1396827,727948,1550876,265643,485628,706638,341752,2231636,495378,4632936,2622295,187919,2924244,983307,1027648,3235257,247476,1258273,219707,1708168,6730268,743767,155804,2094307,1879637,461911,1487370,144525,2018
S0201_227E,63837,89847,69981,58080,86165,88955,98100,79386,117713,66995,71457,95448,65987,81313,70150,76068,74042,62228,61847,72390,101437,101548,72036,89039,57380,69188,68940,75990,71864,93930,101404,58760,83311,67816,86205,72028,64082,77655,77491,84212,65742,72183,65656,71868,81599,80452,88929,87652,57718,76814,78352,2018
S0201_265E,1855184,254551,2614298,1156347,13072122,2176757,1378091,367671,287476,7809358,3803012,455309,640270,4864864,2599169,1267873,1133408,1732713,1737220,570307,2215935,2624294,3957466,2194452,1108630,2434806,431421,765490,1129810,531212,3249567,794093,7367015,4011462,319355,4685447,1485310,1639970,5070931,406573,1927991,345449,2603140,9776083,998891,261373,3175524,2895575,734703,2371960,230252,2018
S0201_266E,68,65.6,64.8,65.8,54.8,65.1,65.8,71,42.3,65.9,63.8,58.3,70.7,66,68.9,71.3,66.2,67.4,65.5,71.2,66.9,61.8,71.2,71.5,68.2,66.8,67.5,66.1,56.8,71.3,64,66.2,53.7,65.1,62.5,65.9,65.4,62.5,68.6,61.8,69.3,67.9,66.2,61.7,70.5,72.2,65.9,62.8,72.5,67.1,70.3,2018
S0201_267E,32,34.4,35.2,34.2,45.2,34.9,34.2,29,57.7,34.1,36.2,41.7,29.3,34,31.1,28.7,33.8,32.6,34.5,28.8,33.1,38.2,28.8,28.5,31.8,33.2,32.5,33.9,43.2,28.7,36,33.8,46.3,34.9,37.5,34.1,34.6,37.5,31.4,38.2,30.7,32.1,33.8,38.3,29.5,27.8,34.1,37.2,27.5,32.9,29.7,2018
S0201_298E,147900,276100,241100,133100,546800,373300,277400,255300,617900,230600,189900,631700,233100,203400,147300,152000,159400,148100,167300,197500,324800,400700,162500,235400,123300,162600,249200,161800,292200,270000,344000,174700,325500,180600,198700,151100,140000,341800,186000,273800,170800,171500,177500,186000,303300,233100,281700,373100,121300,188500,230500,2018
S0201_299E,1164,1895,1417,1071,2345,1741,2056,1566,2506,1471,1395,2354,1249,1665,1118,1234,1364,1164,1254,1349,1955,2207,1270,1559,1132,1249,1413,1353,1528,1892,2398,1234,2098,1284,1425,1248,1214,1690,1451,1830,1225,1301,1228,1603,1531,1560,1752,1883,1001,1387,1440,2018
S0201_304E,528763,79691,874407,362008,5731188,735732,453547,102132,163373,2554160,1300101,177434,176153,1586781,763759,340900,360608,512797,541268,152962,707790,967686,1081893,600671,313104,761695,127412,243850,476140,148143,1137834,242498,3299280,1310250,113486,1517398,469593,592023,1503281,149799,538418,102447,817756,3553379,283023,68404,1028053,1034229,169267,747782,62536,2018
S0201_001E,4903185,731545,7278717,3017804,39512223,5758736,3565287,973764,705749,21477737,10617423,1415872,1787065,12671821,6732219,3155070,2913314,4467673,4648794,1344212,6045680,6892503,9986857,5639632,2976149,6137428,1068778,1934408,3080156,1359711,8882190,2096829,19453561,10488084,762062,11689100,3956971,4217737,12801989,1059361,5148714,884659,6829174,28995881,3205958,623989,8535519,7614893,1792147,5822434,578759,2019
S0201_038E,4786560,704872,7116824,2933793,38685702,5639595,3454420,948869,666891,21047762,10350583,1372954,1756734,12375014,6542140,3058461,2832768,4335006,4519937,1307006,5905181,6646308,9763358,5509065,2882767,5962950,1039835,1883396,3042493,1318638,8701703,2053922,18884948,10207193,737727,11371814,3846912,4128526,12380244,1018460,5014986,850641,6671097,28395188,3157594,598288,8290622,7467073,1745237,5678585,564519,2019
S0201_090E,3360058,484058,4944540,2036456,26937872,3974943,2496420,687311,505145,15484502,7080222,996668,1170997,8694694,4502015,2123004,1918081,3048442,3140201,991152,4183858,4850576,6894627,3847212,1979664,4206162,741950,1271770,2136466,979750,6191229,1425988,13664734,7187077,504375,8049805,2619244,2988118,9028036,746952,3563204,588029,4693962,18772550,1911592,445558,5872757,5290324,1281086,4015285,389847,2019
S0201_091E,12.9,6.4,12.4,12.5,16.0,7.6,9.3,9.7,8.1,11.6,12.1,7.6,8.5,10.2,10.4,7.4,8.2,12.8,14.0,6.8,9.6,8.7,8.6,6.4,14.7,9.3,5.8,8.0,13.1,6.7,9.7,14.1,12.4,11.4,6.5,9.2,11.6,8.6,9.0,10.7,11.7,7.9,12.0,15.4,7.0,6.9,10.0,8.3,12.9,7.2,5.5,2019
S0201_092E,30.9,28.7,23.7,34.9,20.6,21.0,26.8,30.2,15.8,28.4,27.4,27.4,26.1,25.9,33.9,31.0,26.3,33.2,33.9,31.4,24.6,23.9,29.1,24.4,30.2,31.1,28.4,25.7,27.8,28.1,26.9,26.4,25.8,25.6,26.7,32.6,31.5,23.0,34.4,28.4,28.5,30.0,31.5,25.2,23.1,29.0,23.6,22.1,40.2,30.5,30.1,2019
S0201_093E,29.8,34.6,33.7,29.3,28.4,28.7,24.1,26.9,16.4,29.3,28.0,31.3,36.6,28.1,28.7,32.3,31.5,28.8,27.0,28.6,24.9,22.5,32.2,31.9,32.8,29.3,32.2,33.1,33.4,27.6,22.2,31.8,24.0,30.7,36.4,28.9,30.7,33.8,24.3,26.0,30.2,32.4,27.7,28.7,35.1,25.4,26.8,32.6,25.8,30.9,35.3,2019
S0201_094E,16.3,18.5,18.8,15.1,21.9,26.6,22.0,19.5,25.7,19.3,19.9,22.1,18.8,21.7,17.3,19.8,21.6,14.9,16.0,20.8,21.8,24.7,18.2,24.5,13.7,18.4,23.1,21.8,16.7,22.9,25.1,15.5,21.2,20.5,21.5,18.2,17.1,21.0,19.5,20.9,18.4,20.6,18.0,20.0,23.4,22.7,22.4,22.8,12.6,20.7,18.8,2019
S0201_095E,10.0,11.7,11.3,8.3,13.1,16.0,17.8,13.7,34.0,11.4,12.6,11.6,9.9,14.1,9.7,9.5,12.4,10.3,8.9,12.4,19.1,20.3,11.9,12.7,8.6,11.8,10.5,11.4,9.0,14.7,16.1,12.2,16.6,11.8,8.9,11.1,9.1,13.5,12.8,13.9,11.2,9.1,10.7,10.8,11.3,16.0,17.2,14.2,8.4,10.7,10.4,2019
S0201_154E,3937453,569699,5820607,2401299,31617786,4645780,2926854,792119,587819,17719854,8394269,1147569,1386665,10184783,5346452,2516898,2292476,3581569,3684053,1128168,4862424,5707254,8095913,4479456,2360508,4918035,869402,1509290,2465233,1137316,7168432,1678187,15895561,8457219,602982,9407641,3110626,3451654,10474419,880978,4158317,692113,5487875,22425612,2378652,525153,6880704,6128444,1476688,4707424,458477,2019
S0201_155E,58.0,66.3,60.2,58.2,64.0,68.5,66.2,62.4,70.8,59.3,63.2,64.9,63.6,65.1,64.0,66.9,66.9,59.0,59.2,63.0,67.5,67.6,61.9,69.5,56.9,62.6,62.7,69.5,63.6,66.8,66.0,58.0,63.4,62.3,70.4,63.5,60.9,62.5,62.9,65.3,60.4,67.9,61.7,65.0,69.7,65.4,66.0,65.1,53.8,65.9,64.8,2019
S0201_157E,54.7,59.3,56.8,55.2,60.3,65.3,62.3,58.8,66.0,56.2,59.6,58.5,61.2,61.7,61.2,64.3,63.5,55.8,55.4,60.7,63.7,64.8,58.7,67.2,52.6,59.8,59.8,66.8,60.0,64.7,62.7,54.1,60.5,58.4,67.3,60.5,57.6,59.3,60.0,62.2,56.7,65.4,58.6,61.7,67.2,63.1,61.5,61.2,50.4,63.8,61.9,2019
S0201_158E,2.8,3.6,3.0,2.8,3.2,2.5,3.5,2.9,4.4,2.7,3.0,2.4,2.1,3.1,2.7,2.5,2.5,2.8,3.2,2.2,3.0,2.7,3.1,2.2,3.7,2.4,2.5,2.3,3.2,2.0,3.1,3.1,2.8,2.8,1.8,2.9,2.6,3.1,2.8,2.7,2.8,2.0,2.8,2.8,2.2,2.2,2.6,2.9,3.2,2.1,2.3,2019
S0201_161E,42.0,33.7,39.8,41.8,36.0,31.5,33.8,37.6,29.2,40.7,36.8,35.1,36.4,34.9,36.0,33.1,33.1,41.0,40.8,37.0,32.5,32.4,38.1,30.5,43.1,37.4,37.3,30.5,36.4,33.2,34.0,42.0,36.6,37.7,29.6,36.5,39.1,37.5,37.1,34.7,39.6,32.1,38.3,35.0,30.3,34.6,34.0,34.9,46.2,34.1,35.2,2019
S0201_213E,1897576,252199,2670441,1163647,13157873,2235103,1377166,376239,291570,7905832,3852714,465299,655859,4866006,2597765,1287221,1138329,1748732,1741076,573618,2226767,2650680,3969880,2222568,1100229,2458337,437651,771444,1143557,541396,3286264,793420,7446812,4046348,323519,4730340,1495151,1649352,5119249,407174,1975915,353799,2654737,9985126,1023855,262767,3191847,2932477,728175,2386623,233128,2019
S0201_214E,51734,75463,62055,48952,80440,77127,78833,70176,92266,59227,61980,83102,60999,69187,57603,61691,62087,52295,51073,58924,86738,85843,59584,74593,45792,57409,57153,63229,63276,77933,85751,51945,72108,57341,64577,58642,54449,67058,63463,71169,56227,59533,56071,64034,75780,63001,76456,78687,48850,64168,65003,2019
S0201_226E,1237883,163134,1740704,755305,8972643,1421844,885911,242584,124978,5083272,2555440,316206,448979,3059067,1639230,808802,733489,1129276,1113831,342894,1462070,1665005,2496550,1401623,718382,1546045,269009,493013,723755,346413,2241555,496961,4636356,2630365,189509,2942581,975754,1021588,3228224,249987,1286326,223964,1727895,6857641,760968,156153,2094763,1882896,470472,1470116,152859,2019
S0201_227E,66171,91971,74468,62387,91377,95164,101272,87148,130291,71348,74833,96462,72365,87771,73876,78152,79006,66183,65105,76316,105679,108348,75703,93584,58503,73457,73014,80062,76124,97112,105705,61826,89475,72049,87055,74911,68358,82540,81075,89373,70537,76826,69993,76727,86152,83458,93497,94709,60920,81829,79946,2019
S0201_265E,1897576,252199,2670441,1163647,13157873,2235103,1377166,376239,291570,7905832,3852714,465299,655859,4866006,2597765,1287221,1138329,1748732,1741076,573618,2226767,2650680,3969880,2222568,1100229,2458337,437651,771444,1143557,541396,3286264,793420,7446812,4046348,323519,4730340,1495151,1649352,5119249,407174,1975915,353799,2654737,9985126,1023855,262767,3191847,2932477,728175,2386623,233128,2019
S0201_266E,68.8,64.7,65.3,65.5,54.9,65.9,65.0,70.3,41.5,66.2,64.1,60.2,71.6,66.0,69.3,70.5,66.5,67.0,66.5,72.2,66.8,62.2,71.6,71.9,67.3,67.1,68.9,66.3,56.6,71.0,63.3,68.1,53.5,65.3,61.3,66.0,65.5,62.9,68.4,61.7,70.3,67.8,66.5,61.9,70.6,70.9,66.1,63.1,73.4,67.2,71.9,2019
S0201_267E,31.2,35.3,34.7,34.5,45.1,34.1,35.0,29.7,58.5,33.8,35.9,39.8,28.4,34.0,30.7,29.5,33.5,33.0,33.5,27.8,33.2,37.8,28.4,28.1,32.7,32.9,31.1,33.7,43.4,29.0,36.7,31.9,46.5,34.7,38.7,34.0,34.5,37.1,31.6,38.3,29.7,32.2,33.5,38.1,29.4,29.1,33.9,36.9,26.6,32.8,28.1,2019
S0201_298E,154000,281200,255900,136200,568500,394600,280700,261700,646500,245100,202500,669200,255200,209100,156000,158900,163200,151700,172100,200500,332500,418600,169600,246700,128200,168000,253600,172700,317800,281400,348800,180900,338700,193200,205400,157200,147000,354600,192600,283000,179800,185000,191900,200400,330300,233200,288800,387600,124600,197200,235200,2019
S0201_299E,1172,1882,1457,1094,2421,1845,2087,1557,2684,1530,1450,2472,1306,1688,1146,1266,1387,1179,1279,1387,2015,2276,1285,1595,1149,1271,1466,1427,1589,1963,2413,1269,2156,1318,1430,1250,1231,1750,1477,1837,1250,1371,1264,1675,1605,1606,1792,1951,1052,1412,1417,2019
S0201_304E,530685,81577,882969,364655,5764808,740216,464336,108243,167924,2562945,1310101,175621,175938,1586345,756883,356927,361888,524301,515651,146800,714875,968580,1071181,599607,310584,758715,127256,245821,481427,150586,1171177,230992,3341892,1314240,117957,1523946,472973,585946,1534281,147893,532859,104451,824556,3630018,289140,72440,1027394,1043608,159789,753701,59357,2019
